flight_date,flight_status,departure,arrival,airline,flight,aircraft,live
2025-04-01,scheduled,"{'airport': 'Shanghai Hongqiao International', 'timezone': 'Asia/Shanghai', 'iata': 'SHA', 'icao': 'ZSSS', 'terminal': '1', 'gate': 'D', 'delay': 25, 'scheduled': '2025-04-01T07:05:00+00:00', 'estimated': '2025-04-01T07:05:00+00:00', 'actual': None, 'estimated_runway': None, 'actual_runway': None}","{'airport': 'Xiamen', 'timezone': 'Asia/Shanghai', 'iata': 'XMN', 'icao': 'ZSAM', 'terminal': '4', 'gate': '68', 'baggage': None, 'scheduled': '2025-04-01T09:10:00+00:00', 'delay': None, 'estimated': None, 'actual': None, 'estimated_runway': None, 'actual_runway': None}","{'name': 'Spring Airlines', 'iata': '9C', 'icao': 'CQH'}","{'number': '8815', 'iata': '9C8815', 'icao': 'CQH8815', 'codeshared': None}",,
2025-04-01,scheduled,"{'airport': 'Ufa International Airport', 'timezone': 'Asia/Yekaterinburg', 'iata': 'UFA', 'icao': 'UWUU', 'terminal': '2', 'gate': None, 'delay': 10, 'scheduled': '2025-04-01T03:40:00+00:00', 'estimated': '2025-04-01T03:40:00+00:00', 'actual': None, 'estimated_runway': None, 'actual_runway': None}","{'airport': 'Dubai', 'timezone': 'Asia/Dubai', 'iata': 'DXB', 'icao': 'OMDB', 'terminal': '2', 'gate': None, 'baggage': None, 'scheduled': '2025-04-01T07:40:00+00:00', 'delay': None, 'estimated': None, 'actual': None, 'estimated_runway': None, 'actual_runway': None}","{'name': 'Emirates', 'iata': 'EK', 'icao': 'UAE'}","{'number': '2441', 'iata': 'EK2441', 'icao': 'UAE2441', 'codeshared': {'airline_name': 'flydubai', 'airline_iata': 'fz', 'airline_icao': 'fdb', 'flight_number': '986', 'flight_iata': 'fz986', 'flight_icao': 'fdb986'}}",,
2025-04-01,scheduled,"{'airport': 'Ufa International Airport', 'timezone': 'Asia/Yekaterinburg', 'iata': 'UFA', 'icao': 'UWUU', 'terminal': '1', 'gate': None, 'delay': None, 'scheduled': '2025-04-01T03:20:00+00:00', 'estimated': '2025-04-01T03:20:00+00:00', 'actual': None, 'estimated_runway': None, 'actual_runway': None}","{'airport': 'Surgut', 'timezone': 'Asia/Yekaterinburg', 'iata': 'SGC', 'icao': 'USRR', 'terminal': None, 'gate': None, 'baggage': None, 'scheduled': '2025-04-01T05:20:00+00:00', 'delay': None, 'estimated': None, 'actual': None, 'estimated_runway': None, 'actual_runway': None}","{'name': 'UTair Aviation', 'iata': 'UT', 'icao': 'UTA'}","{'number': '6427', 'iata': 'UT6427', 'icao': 'UTA6427', 'codeshared': None}",,
2025-04-01,scheduled,"{'airport': 'Ufa International Airport', 'timezone': 'Asia/Yekaterinburg', 'iata': 'UFA', 'icao': 'UWUU', 'terminal': '2', 'gate': None, 'delay': 10, 'scheduled': '2025-04-01T03:40:00+00:00', 'estimated': '2025-04-01T03:40:00+00:00', 'actual': None, 'estimated_runway': None, 'actual_runway': None}","{'airport': 'Dubai', 'timezone': 'Asia/Dubai', 'iata': 'DXB', 'icao': 'OMDB', 'terminal': '2', 'gate': None, 'baggage': None, 'scheduled': '2025-04-01T07:40:00+00:00', 'delay': None, 'estimated': None, 'actual': None, 'estimated_runway': None, 'actual_runway': None}","{'name': 'flydubai', 'iata': 'FZ', 'icao': 'FDB'}","{'number': '986', 'iata': 'FZ986', 'icao': 'FDB986', 'codeshared': None}",,
2025-04-01,scheduled,"{'airport': 'Kuantan', 'timezone': 'Asia/Kuala_Lumpur', 'iata': 'KUA', 'icao': 'WMKD', 'terminal': None, 'gate': None, 'delay': None, 'scheduled': '2025-04-01T06:30:00+00:00', 'estimated': '2025-04-01T06:30:00+00:00', 'actual': None, 'estimated_runway': None, 'actual_runway': None}","{'airport': 'Kuala Lumpur International Airport (klia)', 'timezone': 'Asia/Kuala_Lumpur', 'iata': 'KUL', 'icao': 'WMKK', 'terminal': '1', 'gate': 'B6', 'baggage': None, 'scheduled': '2025-04-01T07:25:00+00:00', 'delay': None, 'estimated': None, 'actual': None, 'estimated_runway': None, 'actual_runway': None}","{'name': 'Firefly', 'iata': 'FY', 'icao': 'FFM'}","{'number': '4231', 'iata': 'FY4231', 'icao': 'FFM4231', 'codeshared': {'airline_name': 'malaysia airlines', 'airline_iata': 'mh', 'airline_icao': 'mas', 'flight_number': '1263', 'flight_iata': 'mh1263', 'flight_icao': 'mas1263'}}",,
2025-04-01,scheduled,"{'airport': 'Kuantan', 'timezone': 'Asia/Kuala_Lumpur', 'iata': 'KUA', 'icao': 'WMKD', 'terminal': None, 'gate': None, 'delay': None, 'scheduled': '2025-04-01T06:30:00+00:00', 'estimated': '2025-04-01T06:30:00+00:00', 'actual': None, 'estimated_runway': None, 'actual_runway': None}","{'airport': 'Kuala Lumpur International Airport (klia)', 'timezone': 'Asia/Kuala_Lumpur', 'iata': 'KUL', 'icao': 'WMKK', 'terminal': '1', 'gate': 'B6', 'baggage': None, 'scheduled': '2025-04-01T07:25:00+00:00', 'delay': None, 'estimated': None, 'actual': None, 'estimated_runway': None, 'actual_runway': None}","{'name': 'Philippine Airlines', 'iata': 'PR', 'icao': 'PAL'}","{'number': '3617', 'iata': 'PR3617', 'icao': 'PAL3617', 'codeshared': {'airline_name': 'malaysia airlines', 'airline_iata': 'mh', 'airline_icao': 'mas', 'flight_number': '1263', 'flight_iata': 'mh1263', 'flight_icao': 'mas1263'}}",,
2025-04-01,scheduled,"{'airport': 'Kuantan', 'timezone': 'Asia/Kuala_Lumpur', 'iata': 'KUA', 'icao': 'WMKD', 'terminal': None, 'gate': None, 'delay': None, 'scheduled': '2025-04-01T06:30:00+00:00', 'estimated': '2025-04-01T06:30:00+00:00', 'actual': None, 'estimated_runway': None, 'actual_runway': None}","{'airport': 'Kuala Lumpur International Airport (klia)', 'timezone': 'Asia/Kuala_Lumpur', 'iata': 'KUL', 'icao': 'WMKK', 'terminal': '1', 'gate': 'B6', 'baggage': None, 'scheduled': '2025-04-01T07:25:00+00:00', 'delay': None, 'estimated': None, 'actual': None, 'estimated_runway': None, 'actual_runway': None}","{'name': 'Qatar Airways', 'iata': 'QR', 'icao': 'QTR'}","{'number': '5034', 'iata': 'QR5034', 'icao': 'QTR5034', 'codeshared': {'airline_name': 'malaysia airlines', 'airline_iata': 'mh', 'airline_icao': 'mas', 'flight_number': '1263', 'flight_iata': 'mh1263', 'flight_icao': 'mas1263'}}",,
2025-04-01,scheduled,"{'airport': 'Kuantan', 'timezone': 'Asia/Kuala_Lumpur', 'iata': 'KUA', 'icao': 'WMKD', 'terminal': None, 'gate': None, 'delay': None, 'scheduled': '2025-04-01T06:30:00+00:00', 'estimated': '2025-04-01T06:30:00+00:00', 'actual': None, 'estimated_runway': None, 'actual_runway': None}","{'airport': 'Kuala Lumpur International Airport (klia)', 'timezone': 'Asia/Kuala_Lumpur', 'iata': 'KUL', 'icao': 'WMKK', 'terminal': '1', 'gate': 'B6', 'baggage': None, 'scheduled': '2025-04-01T07:25:00+00:00', 'delay': None, 'estimated': None, 'actual': None, 'estimated_runway': None, 'actual_runway': None}","{'name': 'Turkish Airlines', 'iata': 'TK', 'icao': 'THY'}","{'number': '4874', 'iata': 'TK4874', 'icao': 'THY4874', 'codeshared': {'airline_name': 'malaysia airlines', 'airline_iata': 'mh', 'airline_icao': 'mas', 'flight_number': '1263', 'flight_iata': 'mh1263', 'flight_icao': 'mas1263'}}",,
2025-04-01,scheduled,"{'airport': 'Auckland International', 'timezone': 'Pacific/Auckland', 'iata': 'AKL', 'icao': 'NZAA', 'terminal': 'D', 'gate': '39', 'delay': None, 'scheduled': '2025-04-01T11:05:00+00:00', 'estimated': '2025-04-01T11:05:00+00:00', 'actual': None, 'estimated_runway': None, 'actual_runway': None}","{'airport': 'Whangarei', 'timezone': 'Pacific/Auckland', 'iata': 'WRE', 'icao': 'NZWR', 'terminal': 'D', 'gate': None, 'baggage': None, 'scheduled': '2025-04-01T11:45:00+00:00', 'delay': None, 'estimated': None, 'actual': None, 'estimated_runway': None, 'actual_runway': None}","{'name': 'Air New Zealand', 'iata': 'NZ', 'icao': 'ANZ'}","{'number': '5224', 'iata': 'NZ5224', 'icao': 'ANZ5224', 'codeshared': None}",,
2025-04-01,scheduled,"{'airport': 'Auckland International', 'timezone': 'Pacific/Auckland', 'iata': 'AKL', 'icao': 'NZAA', 'terminal': 'D', 'gate': '50', 'delay': None, 'scheduled': '2025-04-01T11:05:00+00:00', 'estimated': '2025-04-01T11:05:00+00:00', 'actual': None, 'estimated_runway': None, 'actual_runway': None}","{'airport': 'Kerikeri/Bay of Islands', 'timezone': 'Pacific/Auckland', 'iata': 'KKE', 'icao': 'NZKK', 'terminal': 'D', 'gate': None, 'baggage': None, 'scheduled': '2025-04-01T11:55:00+00:00', 'delay': None, 'estimated': None, 'actual': None, 'estimated_runway': None, 'actual_runway': None}","{'name': 'Air New Zealand', 'iata': 'NZ', 'icao': 'ANZ'}","{'number': '5276', 'iata': 'NZ5276', 'icao': 'ANZ5276', 'codeshared': None}",,
2025-04-01,scheduled,"{'airport': 'Auckland International', 'timezone': 'Pacific/Auckland', 'iata': 'AKL', 'icao': 'NZAA', 'terminal': 'D', 'gate': '35', 'delay': None, 'scheduled': '2025-04-01T11:00:00+00:00', 'estimated': '2025-04-01T11:00:00+00:00', 'actual': None, 'estimated_runway': None, 'actual_runway': None}","{'airport': 'Palmerston North', 'timezone': 'Pacific/Auckland', 'iata': 'PMR', 'icao': 'NZPM', 'terminal': 'D', 'gate': None, 'baggage': None, 'scheduled': '2025-04-01T12:15:00+00:00', 'delay': None, 'estimated': None, 'actual': None, 'estimated_runway': None, 'actual_runway': None}","{'name': 'Air New Zealand', 'iata': 'NZ', 'icao': 'ANZ'}","{'number': '5115', 'iata': 'NZ5115', 'icao': 'ANZ5115', 'codeshared': None}",,
2025-04-01,scheduled,"{'airport': 'Auckland International', 'timezone': 'Pacific/Auckland', 'iata': 'AKL', 'icao': 'NZAA', 'terminal': 'D', 'gate': '45', 'delay': None, 'scheduled': '2025-04-01T11:00:00+00:00', 'estimated': '2025-04-01T11:00:00+00:00', 'actual': None, 'estimated_runway': None, 'actual_runway': None}","{'airport': 'Nelson', 'timezone': 'Pacific/Auckland', 'iata': 'NSN', 'icao': 'NZNS', 'terminal': None, 'gate': None, 'baggage': None, 'scheduled': '2025-04-01T12:30:00+00:00', 'delay': None, 'estimated': None, 'actual': None, 'estimated_runway': None, 'actual_runway': None}","{'name': 'Air New Zealand', 'iata': 'NZ', 'icao': 'ANZ'}","{'number': '5067', 'iata': 'NZ5067', 'icao': 'ANZ5067', 'codeshared': None}",,
2025-04-01,scheduled,"{'airport': 'Auckland International', 'timezone': 'Pacific/Auckland', 'iata': 'AKL', 'icao': 'NZAA', 'terminal': 'I', 'gate': '8', 'delay': None, 'scheduled': '2025-04-01T11:00:00+00:00', 'estimated': '2025-04-01T11:00:00+00:00', 'actual': None, 'estimated_runway': None, 'actual_runway': None}","{'airport': 'Singapore Changi', 'timezone': 'Asia/Singapore', 'iata': 'SIN', 'icao': 'WSSS', 'terminal': '3', 'gate': None, 'baggage': None, 'scheduled': '2025-04-01T16:50:00+00:00', 'delay': None, 'estimated': None, 'actual': None, 'estimated_runway': None, 'actual_runway': None}","{'name': 'Air New Zealand', 'iata': 'NZ', 'icao': 'ANZ'}","{'number': '284', 'iata': 'NZ284', 'icao': 'ANZ284', 'codeshared': None}",,
2025-04-01,scheduled,"{'airport': 'Auckland International', 'timezone': 'Pacific/Auckland', 'iata': 'AKL', 'icao': 'NZAA', 'terminal': 'D', 'gate': '29', 'delay': None, 'scheduled': '2025-04-01T11:00:00+00:00', 'estimated': '2025-04-01T11:00:00+00:00', 'actual': None, 'estimated_runway': None, 'actual_runway': None}","{'airport': 'Christchurch International', 'timezone': 'Pacific/Auckland', 'iata': 'CHC', 'icao': 'NZCH', 'terminal': None, 'gate': 'D19', 'baggage': None, 'scheduled': '2025-04-01T12:25:00+00:00', 'delay': None, 'estimated': None, 'actual': None, 'estimated_runway': None, 'actual_runway': None}","{'name': 'Air New Zealand', 'iata': 'NZ', 'icao': 'ANZ'}","{'number': '535', 'iata': 'NZ535', 'icao': 'ANZ535', 'codeshared': None}",,
2025-04-01,scheduled,"{'airport': 'Auckland International', 'timezone': 'Pacific/Auckland', 'iata': 'AKL', 'icao': 'NZAA', 'terminal': 'I', 'gate': '9', 'delay': None, 'scheduled': '2025-04-01T10:40:00+00:00', 'estimated': '2025-04-01T10:40:00+00:00', 'actual': None, 'estimated_runway': None, 'actual_runway': None}","{'airport': 'Taiwan Taoyuan International (Chiang Kai Shek International)', 'timezone': 'Asia/Taipei', 'iata': 'TPE', 'icao': 'RCTP', 'terminal': '2', 'gate': 'C2', 'baggage': '6', 'scheduled': '2025-04-01T17:05:00+00:00', 'delay': None, 'estimated': None, 'actual': None, 'estimated_runway': None, 'actual_runway': None}","{'name': 'Air New Zealand', 'iata': 'NZ', 'icao': 'ANZ'}","{'number': '77', 'iata': 'NZ77', 'icao': 'ANZ77', 'codeshared': None}",,
2025-04-01,scheduled,"{'airport': 'Auckland International', 'timezone': 'Pacific/Auckland', 'iata': 'AKL', 'icao': 'NZAA', 'terminal': 'D', 'gate': '20', 'delay': None, 'scheduled': '2025-04-01T10:30:00+00:00', 'estimated': '2025-04-01T10:30:00+00:00', 'actual': None, 'estimated_runway': None, 'actual_runway': None}","{'airport': 'Queenstown', 'timezone': 'Pacific/Auckland', 'iata': 'ZQN', 'icao': 'NZQN', 'terminal': 'D', 'gate': None, 'baggage': None, 'scheduled': '2025-04-01T12:20:00+00:00', 'delay': None, 'estimated': None, 'actual': None, 'estimated_runway': None, 'actual_runway': None}","{'name': 'Jetstar', 'iata': 'JQ', 'icao': 'JST'}","{'number': '297', 'iata': 'JQ297', 'icao': 'JST297', 'codeshared': None}",,
2025-04-01,scheduled,"{'airport': 'Auckland International', 'timezone': 'Pacific/Auckland', 'iata': 'AKL', 'icao': 'NZAA', 'terminal': 'D', 'gate': '21', 'delay': None, 'scheduled': '2025-04-01T10:30:00+00:00', 'estimated': '2025-04-01T10:30:00+00:00', 'actual': None, 'estimated_runway': None, 'actual_runway': None}","{'airport': 'Wellington International', 'timezone': 'Pacific/Auckland', 'iata': 'WLG', 'icao': 'NZWN', 'terminal': 'D', 'gate': None, 'baggage': None, 'scheduled': '2025-04-01T11:35:00+00:00', 'delay': None, 'estimated': None, 'actual': None, 'estimated_runway': None, 'actual_runway': None}","{'name': 'Jetstar', 'iata': 'JQ', 'icao': 'JST'}","{'number': '259', 'iata': 'JQ259', 'icao': 'JST259', 'codeshared': None}",,
2025-04-01,scheduled,"{'airport': 'Auckland International', 'timezone': 'Pacific/Auckland', 'iata': 'AKL', 'icao': 'NZAA', 'terminal': 'D', 'gate': '32', 'delay': None, 'scheduled': '2025-04-01T10:10:00+00:00', 'estimated': '2025-04-01T10:10:00+00:00', 'actual': None, 'estimated_runway': None, 'actual_runway': None}","{'airport': 'Wellington International', 'timezone': 'Pacific/Auckland', 'iata': 'WLG', 'icao': 'NZWN', 'terminal': 'D', 'gate': '16', 'baggage': None, 'scheduled': '2025-04-01T11:20:00+00:00', 'delay': None, 'estimated': None, 'actual': None, 'estimated_runway': None, 'actual_runway': None}","{'name': 'Air New Zealand', 'iata': 'NZ', 'icao': 'ANZ'}","{'number': '417', 'iata': 'NZ417', 'icao': 'ANZ417', 'codeshared': None}",,
2025-04-01,scheduled,"{'airport': 'Auckland International', 'timezone': 'Pacific/Auckland', 'iata': 'AKL', 'icao': 'NZAA', 'terminal': 'D', 'gate': '35', 'delay': None, 'scheduled': '2025-04-01T09:30:00+00:00', 'estimated': '2025-04-01T09:30:00+00:00', 'actual': None, 'estimated_runway': None, 'actual_runway': None}","{'airport': 'Palmerston North', 'timezone': 'Pacific/Auckland', 'iata': 'PMR', 'icao': 'NZPM', 'terminal': 'D', 'gate': None, 'baggage': None, 'scheduled': '2025-04-01T10:45:00+00:00', 'delay': None, 'estimated': None, 'actual': None, 'estimated_runway': None, 'actual_runway': None}","{'name': 'Air China LTD', 'iata': 'CA', 'icao': 'CCA'}","{'number': '5942', 'iata': 'CA5942', 'icao': 'CCA5942', 'codeshared': {'airline_name': 'air new zealand', 'airline_iata': 'nz', 'airline_icao': 'anz', 'flight_number': '5111', 'flight_iata': 'nz5111', 'flight_icao': 'anz5111'}}",,
2025-04-01,scheduled,"{'airport': 'Palmerston North', 'timezone': 'Pacific/Auckland', 'iata': 'PMR', 'icao': 'NZPM', 'terminal': None, 'gate': None, 'delay': None, 'scheduled': '2025-04-01T10:25:00+00:00', 'estimated': '2025-04-01T10:25:00+00:00', 'actual': None, 'estimated_runway': None, 'actual_runway': None}","{'airport': 'Auckland International', 'timezone': 'Pacific/Auckland', 'iata': 'AKL', 'icao': 'NZAA', 'terminal': 'D', 'gate': '47', 'baggage': 'DTB3', 'scheduled': '2025-04-01T11:40:00+00:00', 'delay': None, 'estimated': None, 'actual': None, 'estimated_runway': None, 'actual_runway': None}","{'name': 'Air New Zealand', 'iata': 'NZ', 'icao': 'ANZ'}","{'number': '5106', 'iata': 'NZ5106', 'icao': 'ANZ5106', 'codeshared': None}",,
2025-04-01,scheduled,"{'airport': 'Palmerston North', 'timezone': 'Pacific/Auckland', 'iata': 'PMR', 'icao': 'NZPM', 'terminal': None, 'gate': None, 'delay': None, 'scheduled': '2025-04-01T10:25:00+00:00', 'estimated': '2025-04-01T10:25:00+00:00', 'actual': None, 'estimated_runway': None, 'actual_runway': None}","{'airport': 'Auckland International', 'timezone': 'Pacific/Auckland', 'iata': 'AKL', 'icao': 'NZAA', 'terminal': 'D', 'gate': '47', 'baggage': 'DTB3', 'scheduled': '2025-04-01T11:40:00+00:00', 'delay': None, 'estimated': None, 'actual': None, 'estimated_runway': None, 'actual_runway': None}","{'name': 'Qantas', 'iata': 'QF', 'icao': 'QFA'}","{'number': '8485', 'iata': 'QF8485', 'icao': 'QFA8485', 'codeshared': {'airline_name': 'air new zealand', 'airline_iata': 'nz', 'airline_icao': 'anz', 'flight_number': '5106', 'flight_iata': 'nz5106', 'flight_icao': 'anz5106'}}",,
2025-04-01,scheduled,"{'airport': 'Palmerston North', 'timezone': 'Pacific/Auckland', 'iata': 'PMR', 'icao': 'NZPM', 'terminal': None, 'gate': None, 'delay': None, 'scheduled': '2025-04-01T10:25:00+00:00', 'estimated': '2025-04-01T10:25:00+00:00', 'actual': None, 'estimated_runway': None, 'actual_runway': None}","{'airport': 'Auckland International', 'timezone': 'Pacific/Auckland', 'iata': 'AKL', 'icao': 'NZAA', 'terminal': 'D', 'gate': '47', 'baggage': 'DTB3', 'scheduled': '2025-04-01T11:40:00+00:00', 'delay': None, 'estimated': None, 'actual': None, 'estimated_runway': None, 'actual_runway': None}","{'name': 'Air China LTD', 'iata': 'CA', 'icao': 'CCA'}","{'number': '5186', 'iata': 'CA5186', 'icao': 'CCA5186', 'codeshared': {'airline_name': 'air new zealand', 'airline_iata': 'nz', 'airline_icao': 'anz', 'flight_number': '5106', 'flight_iata': 'nz5106', 'flight_icao': 'anz5106'}}",,
2025-04-01,scheduled,"{'airport': 'Palmerston North', 'timezone': 'Pacific/Auckland', 'iata': 'PMR', 'icao': 'NZPM', 'terminal': None, 'gate': None, 'delay': None, 'scheduled': '2025-04-01T10:10:00+00:00', 'estimated': '2025-04-01T10:10:00+00:00', 'actual': None, 'estimated_runway': None, 'actual_runway': None}","{'airport': 'Christchurch International', 'timezone': 'Pacific/Auckland', 'iata': 'CHC', 'icao': 'NZCH', 'terminal': 'D', 'gate': 'D9', 'baggage': None, 'scheduled': '2025-04-01T11:30:00+00:00', 'delay': None, 'estimated': None, 'actual': None, 'estimated_runway': None, 'actual_runway': None}","{'name': 'Air New Zealand', 'iata': 'NZ', 'icao': 'ANZ'}","{'number': '5181', 'iata': 'NZ5181', 'icao': 'ANZ5181', 'codeshared': None}",,
2025-04-01,scheduled,"{'airport': 'Palmerston North', 'timezone': 'Pacific/Auckland', 'iata': 'PMR', 'icao': 'NZPM', 'terminal': None, 'gate': None, 'delay': None, 'scheduled': '2025-04-01T10:10:00+00:00', 'estimated': '2025-04-01T10:10:00+00:00', 'actual': None, 'estimated_runway': None, 'actual_runway': None}","{'airport': 'Christchurch International', 'timezone': 'Pacific/Auckland', 'iata': 'CHC', 'icao': 'NZCH', 'terminal': 'D', 'gate': 'D9', 'baggage': None, 'scheduled': '2025-04-01T11:30:00+00:00', 'delay': None, 'estimated': None, 'actual': None, 'estimated_runway': None, 'actual_runway': None}","{'name': 'Qantas', 'iata': 'QF', 'icao': 'QFA'}","{'number': '8585', 'iata': 'QF8585', 'icao': 'QFA8585', 'codeshared': {'airline_name': 'air new zealand', 'airline_iata': 'nz', 'airline_icao': 'anz', 'flight_number': '5181', 'flight_iata': 'nz5181', 'flight_icao': 'anz5181'}}",,
2025-04-01,scheduled,"{'airport': 'Netaji Subhas Chandra', 'timezone': 'Asia/Kolkata', 'iata': 'CCU', 'icao': 'VECC', 'terminal': None, 'gate': None, 'delay': None, 'scheduled': '2025-04-01T03:25:00+00:00', 'estimated': '2025-04-01T03:25:00+00:00', 'actual': None, 'estimated_runway': None, 'actual_runway': None}","{'airport': 'Phuket International', 'timezone': 'Asia/Bangkok', 'iata': 'HKT', 'icao': 'VTSP', 'terminal': 'D', 'gate': None, 'baggage': None, 'scheduled': '2025-04-01T08:00:00+00:00', 'delay': None, 'estimated': None, 'actual': None, 'estimated_runway': None, 'actual_runway': None}","{'name': 'AirAsia', 'iata': 'AK', 'icao': 'AXM'}","{'number': '187', 'iata': 'AK187', 'icao': 'AXM187', 'codeshared': None}",,
2025-04-01,scheduled,"{'airport': 'Shanghai Hongqiao International', 'timezone': 'Asia/Shanghai', 'iata': 'SHA', 'icao': 'ZSSS', 'terminal': '2', 'gate': 'B,C', 'delay': None, 'scheduled': '2025-04-01T06:55:00+00:00', 'estimated': '2025-04-01T06:55:00+00:00', 'actual': None, 'estimated_runway': None, 'actual_runway': None}","{'airport': 'Fenghuang International (Phoenix International)', 'timezone': 'Asia/Shanghai', 'iata': 'SYX', 'icao': 'ZJSY', 'terminal': 'T1', 'gate': None, 'baggage': '1', 'scheduled': '2025-04-01T10:00:00+00:00', 'delay': None, 'estimated': None, 'actual': None, 'estimated_runway': None, 'actual_runway': None}","{'name': 'Shanghai Airlines', 'iata': 'FM', 'icao': 'CSH'}","{'number': '9537', 'iata': 'FM9537', 'icao': 'CSH9537', 'codeshared': None}",,
2025-04-01,scheduled,"{'airport': 'Zhengzhou', 'timezone': 'Asia/Shanghai', 'iata': 'CGO', 'icao': 'ZHCC', 'terminal': '2', 'gate': '236', 'delay': None, 'scheduled': '2025-04-01T06:00:00+00:00', 'estimated': '2025-04-01T06:00:00+00:00', 'actual': None, 'estimated_runway': None, 'actual_runway': None}","{'airport': 'Kunming', 'timezone': 'Asia/Shanghai', 'iata': 'KMG', 'icao': 'ZPPP', 'terminal': None, 'gate': None, 'baggage': '11', 'scheduled': '2025-04-01T08:35:00+00:00', 'delay': None, 'estimated': None, 'actual': None, 'estimated_runway': None, 'actual_runway': None}","{'name': 'West Air (China)', 'iata': 'PN', 'icao': 'CHB'}","{'number': '6377', 'iata': 'PN6377', 'icao': 'CHB6377', 'codeshared': None}",,
2025-04-01,scheduled,"{'airport': 'Zhengzhou', 'timezone': 'Asia/Shanghai', 'iata': 'CGO', 'icao': 'ZHCC', 'terminal': '2', 'gate': '236', 'delay': None, 'scheduled': '2025-04-01T06:00:00+00:00', 'estimated': '2025-04-01T06:00:00+00:00', 'actual': None, 'estimated_runway': None, 'actual_runway': None}","{'airport': 'Kunming', 'timezone': 'Asia/Shanghai', 'iata': 'KMG', 'icao': 'ZPPP', 'terminal': None, 'gate': None, 'baggage': '11', 'scheduled': '2025-04-01T08:35:00+00:00', 'delay': None, 'estimated': None, 'actual': None, 'estimated_runway': None, 'actual_runway': None}","{'name': 'Hainan Airlines', 'iata': 'HU', 'icao': 'CHH'}","{'number': '4103', 'iata': 'HU4103', 'icao': 'CHH4103', 'codeshared': {'airline_name': 'west air (china)', 'airline_iata': 'pn', 'airline_icao': 'chb', 'flight_number': '6377', 'flight_iata': 'pn6377', 'flight_icao': 'chb6377'}}",,
2025-04-01,scheduled,"{'airport': 'Zhengzhou', 'timezone': 'Asia/Shanghai', 'iata': 'CGO', 'icao': 'ZHCC', 'terminal': None, 'gate': None, 'delay': None, 'scheduled': '2025-04-01T05:45:00+00:00', 'estimated': '2025-04-01T05:45:00+00:00', 'actual': None, 'estimated_runway': None, 'actual_runway': None}","{'airport': 'Los Angeles International', 'timezone': 'America/Los_Angeles', 'iata': 'LAX', 'icao': 'KLAX', 'terminal': None, 'gate': None, 'baggage': None, 'scheduled': '2025-04-01T02:45:00+00:00', 'delay': None, 'estimated': None, 'actual': None, 'estimated_runway': None, 'actual_runway': None}","{'name': 'Suparna Airlines', 'iata': 'Y8', 'icao': 'YZR'}","{'number': '7407', 'iata': 'Y87407', 'icao': 'YZR7407', 'codeshared': None}",,
2025-04-01,scheduled,"{'airport': 'Zhengzhou', 'timezone': 'Asia/Shanghai', 'iata': 'CGO', 'icao': 'ZHCC', 'terminal': None, 'gate': None, 'delay': None, 'scheduled': '2025-04-01T05:30:00+00:00', 'estimated': '2025-04-01T05:30:00+00:00', 'actual': None, 'estimated_runway': None, 'actual_runway': None}","{'airport': 'Madras International (Meenambakkam)', 'timezone': 'Asia/Kolkata', 'iata': 'MAA', 'icao': 'VOMM', 'terminal': None, 'gate': None, 'baggage': None, 'scheduled': '2025-04-01T09:10:00+00:00', 'delay': None, 'estimated': None, 'actual': None, 'estimated_runway': None, 'actual_runway': None}","{'name': 'SF Airlines', 'iata': 'O3', 'icao': 'CSS'}","{'number': '249', 'iata': 'O3249', 'icao': 'CSS249', 'codeshared': None}",,
2025-04-01,scheduled,"{'airport': 'Mingaladon', 'timezone': 'Asia/Rangoon', 'iata': 'RGN', 'icao': 'VYYY', 'terminal': '3', 'gate': None, 'delay': None, 'scheduled': '2025-04-01T05:00:00+00:00', 'estimated': '2025-04-01T05:00:00+00:00', 'actual': None, 'estimated_runway': None, 'actual_runway': None}","{'airport': 'Kyaukpyu', 'timezone': 'Asia/Rangoon', 'iata': 'KYP', 'icao': 'VYKP', 'terminal': None, 'gate': None, 'baggage': None, 'scheduled': '2025-04-01T06:10:00+00:00', 'delay': None, 'estimated': None, 'actual': None, 'estimated_runway': None, 'actual_runway': None}","{'name': 'Myanmar Airways International', 'iata': '8M', 'icao': 'MMA'}","{'number': '4557', 'iata': '8M4557', 'icao': 'MMA4557', 'codeshared': {'airline_name': 'air kbz', 'airline_iata': 'k7', 'airline_icao': 'kbz', 'flight_number': '557', 'flight_iata': 'k7557', 'flight_icao': 'kbz557'}}",,
2025-04-01,scheduled,"{'airport': 'Taupo', 'timezone': 'Pacific/Auckland', 'iata': 'TUO', 'icao': 'NZAP', 'terminal': None, 'gate': None, 'delay': None, 'scheduled': '2025-04-01T09:15:00+00:00', 'estimated': '2025-04-01T09:15:00+00:00', 'actual': None, 'estimated_runway': None, 'actual_runway': None}","{'airport': 'Auckland International', 'timezone': 'Pacific/Auckland', 'iata': 'AKL', 'icao': 'NZAA', 'terminal': 'D', 'gate': '46', 'baggage': 'DTB3', 'scheduled': '2025-04-01T10:10:00+00:00', 'delay': None, 'estimated': None, 'actual': None, 'estimated_runway': None, 'actual_runway': None}","{'name': 'Air New Zealand', 'iata': 'NZ', 'icao': 'ANZ'}","{'number': '5092', 'iata': 'NZ5092', 'icao': 'ANZ5092', 'codeshared': None}",,
2025-04-01,scheduled,"{'airport': 'Pulkovo', 'timezone': 'Europe/Moscow', 'iata': 'LED', 'icao': 'ULLI', 'terminal': '1', 'gate': None, 'delay': None, 'scheduled': '2025-04-01T01:05:00+00:00', 'estimated': '2025-04-01T01:05:00+00:00', 'actual': None, 'estimated_runway': None, 'actual_runway': None}","{'airport': 'Arkhangelsk', 'timezone': 'Europe/Moscow', 'iata': 'ARH', 'icao': 'ULAA', 'terminal': '1', 'gate': None, 'baggage': None, 'scheduled': '2025-04-01T02:30:00+00:00', 'delay': None, 'estimated': None, 'actual': None, 'estimated_runway': None, 'actual_runway': None}","{'name': 'Smartavia', 'iata': '5N', 'icao': 'AUL'}","{'number': '150', 'iata': '5N150', 'icao': 'AUL150', 'codeshared': None}",,
2025-04-01,scheduled,"{'airport': 'Pulkovo', 'timezone': 'Europe/Moscow', 'iata': 'LED', 'icao': 'ULLI', 'terminal': '1', 'gate': None, 'delay': 10, 'scheduled': '2025-04-01T01:05:00+00:00', 'estimated': '2025-04-01T01:05:00+00:00', 'actual': None, 'estimated_runway': None, 'actual_runway': None}","{'airport': 'Istanbul Airport', 'timezone': 'Europe/Istanbul', 'iata': 'IST', 'icao': 'LTFM', 'terminal': None, 'gate': None, 'baggage': None, 'scheduled': '2025-04-01T05:05:00+00:00', 'delay': None, 'estimated': None, 'actual': None, 'estimated_runway': None, 'actual_runway': None}","{'name': 'Turkish Airlines', 'iata': 'TK', 'icao': 'THY'}","{'number': '404', 'iata': 'TK404', 'icao': 'THY404', 'codeshared': None}",,
2025-04-01,scheduled,"{'airport': 'Pulkovo', 'timezone': 'Europe/Moscow', 'iata': 'LED', 'icao': 'ULLI', 'terminal': '1', 'gate': None, 'delay': None, 'scheduled': '2025-04-01T01:05:00+00:00', 'estimated': '2025-04-01T01:05:00+00:00', 'actual': None, 'estimated_runway': None, 'actual_runway': None}","{'airport': 'Kurumoch', 'timezone': 'Europe/Samara', 'iata': 'KUF', 'icao': 'UWWW', 'terminal': None, 'gate': None, 'baggage': None, 'scheduled': '2025-04-01T04:35:00+00:00', 'delay': None, 'estimated': None, 'actual': None, 'estimated_runway': None, 'actual_runway': None}","{'name': 'Aeroflot', 'iata': 'SU', 'icao': 'AFL'}","{'number': '6231', 'iata': 'SU6231', 'icao': 'AFL6231', 'codeshared': None}",,
2025-04-01,scheduled,"{'airport': 'Pulkovo', 'timezone': 'Europe/Moscow', 'iata': 'LED', 'icao': 'ULLI', 'terminal': '1', 'gate': None, 'delay': None, 'scheduled': '2025-04-01T00:50:00+00:00', 'estimated': '2025-04-01T00:50:00+00:00', 'actual': None, 'estimated_runway': None, 'actual_runway': None}","{'airport': 'Almaty', 'timezone': 'Asia/Almaty', 'iata': 'ALA', 'icao': 'UAAA', 'terminal': '2', 'gate': None, 'baggage': '6', 'scheduled': '2025-04-01T07:35:00+00:00', 'delay': None, 'estimated': None, 'actual': None, 'estimated_runway': None, 'actual_runway': None}","{'name': 'Aeroflot', 'iata': 'SU', 'icao': 'AFL'}","{'number': '6531', 'iata': 'SU6531', 'icao': 'AFL6531', 'codeshared': None}",,
2025-04-01,scheduled,"{'airport': 'Pulkovo', 'timezone': 'Europe/Moscow', 'iata': 'LED', 'icao': 'ULLI', 'terminal': '1', 'gate': None, 'delay': None, 'scheduled': '2025-04-01T00:45:00+00:00', 'estimated': '2025-04-01T00:45:00+00:00', 'actual': None, 'estimated_runway': None, 'actual_runway': None}","{'airport': 'Irkutsk', 'timezone': 'Asia/Irkutsk', 'iata': 'IKT', 'icao': 'UIII', 'terminal': None, 'gate': None, 'baggage': None, 'scheduled': '2025-04-01T11:25:00+00:00', 'delay': None, 'estimated': None, 'actual': None, 'estimated_runway': None, 'actual_runway': None}","{'name': 'Aeroflot', 'iata': 'SU', 'icao': 'AFL'}","{'number': '2874', 'iata': 'SU2874', 'icao': 'AFL2874', 'codeshared': None}",,
2025-04-01,scheduled,"{'airport': 'Pulkovo', 'timezone': 'Europe/Moscow', 'iata': 'LED', 'icao': 'ULLI', 'terminal': '1', 'gate': None, 'delay': None, 'scheduled': '2025-04-01T00:35:00+00:00', 'estimated': '2025-04-01T00:35:00+00:00', 'actual': None, 'estimated_runway': None, 'actual_runway': None}","{'airport': 'Chelyabinsk', 'timezone': 'Asia/Yekaterinburg', 'iata': 'CEK', 'icao': 'USCC', 'terminal': None, 'gate': None, 'baggage': None, 'scheduled': '2025-04-01T05:25:00+00:00', 'delay': None, 'estimated': None, 'actual': None, 'estimated_runway': None, 'actual_runway': None}","{'name': 'Aeroflot', 'iata': 'SU', 'icao': 'AFL'}","{'number': '6461', 'iata': 'SU6461', 'icao': 'AFL6461', 'codeshared': None}",,
2025-04-01,scheduled,"{'airport': 'Pulkovo', 'timezone': 'Europe/Moscow', 'iata': 'LED', 'icao': 'ULLI', 'terminal': '1', 'gate': None, 'delay': None, 'scheduled': '2025-04-01T00:35:00+00:00', 'estimated': '2025-04-01T00:35:00+00:00', 'actual': None, 'estimated_runway': None, 'actual_runway': None}","{'airport': 'Orenburg', 'timezone': 'Asia/Yekaterinburg', 'iata': 'REN', 'icao': 'UWOO', 'terminal': None, 'gate': None, 'baggage': None, 'scheduled': '2025-04-01T05:25:00+00:00', 'delay': None, 'estimated': None, 'actual': None, 'estimated_runway': None, 'actual_runway': None}","{'name': 'Aeroflot', 'iata': 'SU', 'icao': 'AFL'}","{'number': '6453', 'iata': 'SU6453', 'icao': 'AFL6453', 'codeshared': None}",,
2025-04-01,scheduled,"{'airport': 'Pulkovo', 'timezone': 'Europe/Moscow', 'iata': 'LED', 'icao': 'ULLI', 'terminal': None, 'gate': None, 'delay': None, 'scheduled': '2025-04-01T00:30:00+00:00', 'estimated': '2025-04-01T00:30:00+00:00', 'actual': None, 'estimated_runway': None, 'actual_runway': None}","{'airport': 'Bolshoye Savino', 'timezone': 'Asia/Yekaterinburg', 'iata': 'PEE', 'icao': 'USPP', 'terminal': 'A', 'gate': None, 'baggage': None, 'scheduled': '2025-04-01T04:55:00+00:00', 'delay': None, 'estimated': None, 'actual': None, 'estimated_runway': None, 'actual_runway': None}","{'name': 'Pobeda', 'iata': 'DP', 'icao': 'PBD'}","{'number': '1569', 'iata': 'DP1569', 'icao': 'PBD1569', 'codeshared': None}",,
2025-04-01,scheduled,"{'airport': 'Pulkovo', 'timezone': 'Europe/Moscow', 'iata': 'LED', 'icao': 'ULLI', 'terminal': '1', 'gate': None, 'delay': None, 'scheduled': '2025-04-01T00:30:00+00:00', 'estimated': '2025-04-01T00:30:00+00:00', 'actual': None, 'estimated_runway': None, 'actual_runway': None}","{'airport': 'Sheremetyevo International', 'timezone': 'Europe/Moscow', 'iata': 'SVO', 'icao': 'UUEE', 'terminal': 'B', 'gate': None, 'baggage': None, 'scheduled': '2025-04-01T02:10:00+00:00', 'delay': None, 'estimated': None, 'actual': None, 'estimated_runway': None, 'actual_runway': None}","{'name': 'Aeroflot', 'iata': 'SU', 'icao': 'AFL'}","{'number': '6708', 'iata': 'SU6708', 'icao': 'AFL6708', 'codeshared': None}",,
2025-04-01,scheduled,"{'airport': 'Pulkovo', 'timezone': 'Europe/Moscow', 'iata': 'LED', 'icao': 'ULLI', 'terminal': None, 'gate': None, 'delay': 10, 'scheduled': '2025-04-01T00:25:00+00:00', 'estimated': '2025-04-01T00:25:00+00:00', 'actual': None, 'estimated_runway': None, 'actual_runway': None}","{'airport': 'Dubai', 'timezone': 'Asia/Dubai', 'iata': 'DXB', 'icao': 'OMDB', 'terminal': '2', 'gate': None, 'baggage': None, 'scheduled': '2025-04-01T08:00:00+00:00', 'delay': None, 'estimated': None, 'actual': None, 'estimated_runway': None, 'actual_runway': None}","{'name': 'flydubai', 'iata': 'FZ', 'icao': 'FDB'}","{'number': '992', 'iata': 'FZ992', 'icao': 'FDB992', 'codeshared': None}",,
2025-04-01,scheduled,"{'airport': 'Pulkovo', 'timezone': 'Europe/Moscow', 'iata': 'LED', 'icao': 'ULLI', 'terminal': None, 'gate': None, 'delay': None, 'scheduled': '2025-04-01T00:20:00+00:00', 'estimated': '2025-04-01T00:20:00+00:00', 'actual': None, 'estimated_runway': None, 'actual_runway': None}","{'airport': 'Bolshoye Savino', 'timezone': 'Asia/Yekaterinburg', 'iata': 'PEE', 'icao': 'USPP', 'terminal': 'A', 'gate': None, 'baggage': None, 'scheduled': '2025-04-01T04:50:00+00:00', 'delay': None, 'estimated': None, 'actual': None, 'estimated_runway': None, 'actual_runway': None}","{'name': 'Pobeda', 'iata': 'DP', 'icao': 'PBD'}","{'number': '569', 'iata': 'DP569', 'icao': 'PBD569', 'codeshared': None}",,
2025-04-01,scheduled,"{'airport': 'Pulkovo', 'timezone': 'Europe/Moscow', 'iata': 'LED', 'icao': 'ULLI', 'terminal': '1', 'gate': None, 'delay': None, 'scheduled': '2025-04-01T00:20:00+00:00', 'estimated': '2025-04-01T00:20:00+00:00', 'actual': None, 'estimated_runway': None, 'actual_runway': None}","{'airport': 'Koltsovo International', 'timezone': 'Asia/Yekaterinburg', 'iata': 'SVX', 'icao': 'USSS', 'terminal': None, 'gate': None, 'baggage': None, 'scheduled': '2025-04-01T05:05:00+00:00', 'delay': None, 'estimated': None, 'actual': None, 'estimated_runway': None, 'actual_runway': None}","{'name': 'Aeroflot', 'iata': 'SU', 'icao': 'AFL'}","{'number': '6401', 'iata': 'SU6401', 'icao': 'AFL6401', 'codeshared': None}",,
2025-04-01,scheduled,"{'airport': 'Pulkovo', 'timezone': 'Europe/Moscow', 'iata': 'LED', 'icao': 'ULLI', 'terminal': '1', 'gate': None, 'delay': None, 'scheduled': '2025-04-01T00:10:00+00:00', 'estimated': '2025-04-01T00:10:00+00:00', 'actual': None, 'estimated_runway': None, 'actual_runway': None}","{'airport': 'Syktyvkar', 'timezone': 'Europe/Moscow', 'iata': 'SCW', 'icao': 'UUYY', 'terminal': '1', 'gate': None, 'baggage': None, 'scheduled': '2025-04-01T02:10:00+00:00', 'delay': None, 'estimated': None, 'actual': None, 'estimated_runway': None, 'actual_runway': None}","{'name': 'Aeroflot', 'iata': 'SU', 'icao': 'AFL'}","{'number': '6587', 'iata': 'SU6587', 'icao': 'AFL6587', 'codeshared': None}",,
2025-04-01,scheduled,"{'airport': 'Leonardo Da Vinci (Fiumicino)', 'timezone': 'Europe/Rome', 'iata': 'FCO', 'icao': 'LIRF', 'terminal': '3', 'gate': 'E1', 'delay': None, 'scheduled': '2025-04-01T00:05:00+00:00', 'estimated': '2025-04-01T00:05:00+00:00', 'actual': None, 'estimated_runway': None, 'actual_runway': None}","{'airport': 'Fascene', 'timezone': 'Indian/Antananarivo', 'iata': 'NOS', 'icao': 'FMNN', 'terminal': None, 'gate': None, 'baggage': None, 'scheduled': '2025-04-01T10:00:00+00:00', 'delay': None, 'estimated': None, 'actual': None, 'estimated_runway': None, 'actual_runway': None}","{'name': 'Neos', 'iata': 'NO', 'icao': 'NOS'}","{'number': '152', 'iata': 'NO152', 'icao': 'NOS152', 'codeshared': None}",,
2025-04-01,scheduled,"{'airport': 'Sardar Vallabhbhai Patel International Airport', 'timezone': 'Asia/Kolkata', 'iata': 'AMD', 'icao': 'VAAH', 'terminal': None, 'gate': None, 'delay': None, 'scheduled': '2025-04-01T03:15:00+00:00', 'estimated': '2025-04-01T03:15:00+00:00', 'actual': None, 'estimated_runway': None, 'actual_runway': None}","{'airport': 'Chhatrapati Shivaji International (Sahar International)', 'timezone': 'Asia/Kolkata', 'iata': 'BOM', 'icao': 'VABB', 'terminal': '2', 'gate': None, 'baggage': None, 'scheduled': '2025-04-01T04:35:00+00:00', 'delay': None, 'estimated': None, 'actual': None, 'estimated_runway': None, 'actual_runway': None}","{'name': 'Blue Dart Aviation', 'iata': 'BZ', 'icao': 'BDA'}","{'number': '481', 'iata': 'BZ481', 'icao': 'BDA481', 'codeshared': None}",,
2025-04-01,scheduled,"{'airport': 'Sardar Vallabhbhai Patel International Airport', 'timezone': 'Asia/Kolkata', 'iata': 'AMD', 'icao': 'VAAH', 'terminal': '1', 'gate': None, 'delay': None, 'scheduled': '2025-04-01T02:45:00+00:00', 'estimated': '2025-04-01T02:45:00+00:00', 'actual': None, 'estimated_runway': None, 'actual_runway': None}","{'airport': 'Lohegaon', 'timezone': 'Asia/Kolkata', 'iata': 'PNQ', 'icao': 'VAPO', 'terminal': None, 'gate': None, 'baggage': None, 'scheduled': '2025-04-01T04:00:00+00:00', 'delay': None, 'estimated': None, 'actual': None, 'estimated_runway': None, 'actual_runway': None}","{'name': 'IndiGo', 'iata': '6E', 'icao': 'IGO'}","{'number': '699', 'iata': '6E699', 'icao': 'IGO699', 'codeshared': None}",,
2025-04-01,scheduled,"{'airport': 'Sardar Vallabhbhai Patel International Airport', 'timezone': 'Asia/Kolkata', 'iata': 'AMD', 'icao': 'VAAH', 'terminal': '2', 'gate': None, 'delay': None, 'scheduled': '2025-04-01T02:40:00+00:00', 'estimated': '2025-04-01T02:40:00+00:00', 'actual': None, 'estimated_runway': None, 'actual_runway': None}","{'airport': 'Dubai', 'timezone': 'Asia/Dubai', 'iata': 'DXB', 'icao': 'OMDB', 'terminal': '1', 'gate': None, 'baggage': None, 'scheduled': '2025-04-01T04:15:00+00:00', 'delay': None, 'estimated': None, 'actual': None, 'estimated_runway': None, 'actual_runway': None}","{'name': 'IndiGo', 'iata': '6E', 'icao': 'IGO'}","{'number': '1477', 'iata': '6E1477', 'icao': 'IGO1477', 'codeshared': None}",,
2025-04-01,scheduled,"{'airport': 'Jackson Field', 'timezone': 'Pacific/Port_Moresby', 'iata': 'POM', 'icao': 'AYPY', 'terminal': None, 'gate': None, 'delay': None, 'scheduled': '2025-04-01T07:50:00+00:00', 'estimated': '2025-04-01T07:50:00+00:00', 'actual': None, 'estimated_runway': None, 'actual_runway': None}","{'airport': 'Goroka', 'timezone': 'Pacific/Port_Moresby', 'iata': 'GKA', 'icao': 'AYGA', 'terminal': None, 'gate': None, 'baggage': None, 'scheduled': '2025-04-01T09:15:00+00:00', 'delay': None, 'estimated': None, 'actual': None, 'estimated_runway': None, 'actual_runway': None}","{'name': 'PNG Air', 'iata': 'CG', 'icao': 'TOK'}","{'number': '8560', 'iata': 'CG8560', 'icao': 'TOK8560', 'codeshared': None}",,
2025-04-01,scheduled,"{'airport': 'Irkutsk', 'timezone': 'Asia/Irkutsk', 'iata': 'IKT', 'icao': 'UIII', 'terminal': None, 'gate': None, 'delay': None, 'scheduled': '2025-04-01T05:55:00+00:00', 'estimated': '2025-04-01T05:55:00+00:00', 'actual': None, 'estimated_runway': None, 'actual_runway': None}","{'airport': 'Ulan-ude, Baykal', 'timezone': 'Asia/Irkutsk', 'iata': 'UUD', 'icao': 'UIUU', 'terminal': 'B', 'gate': None, 'baggage': None, 'scheduled': '2025-04-01T06:45:00+00:00', 'delay': None, 'estimated': None, 'actual': None, 'estimated_runway': None, 'actual_runway': None}","{'name': 'S7 Airlines', 'iata': 'S7', 'icao': 'SBI'}","{'number': '6429', 'iata': 'S76429', 'icao': 'SBI6429', 'codeshared': None}",,
2025-04-01,scheduled,"{'airport': 'Irkutsk', 'timezone': 'Asia/Irkutsk', 'iata': 'IKT', 'icao': 'UIII', 'terminal': None, 'gate': None, 'delay': None, 'scheduled': '2025-04-01T05:30:00+00:00', 'estimated': '2025-04-01T05:30:00+00:00', 'actual': None, 'estimated_runway': None, 'actual_runway': None}","{'airport': 'Lensk', 'timezone': 'Asia/Yakutsk', 'iata': 'ULK', 'icao': 'UERL', 'terminal': None, 'gate': None, 'baggage': None, 'scheduled': '2025-04-01T09:30:00+00:00', 'delay': None, 'estimated': None, 'actual': None, 'estimated_runway': None, 'actual_runway': None}","{'name': 'IrAero', 'iata': 'IO', 'icao': 'IAE'}","{'number': '180', 'iata': 'IO180', 'icao': 'IAE180', 'codeshared': None}",,
2025-04-01,scheduled,"{'airport': None, 'timezone': None, 'iata': 'IKA', 'icao': 'OIIE', 'terminal': None, 'gate': None, 'delay': 10, 'scheduled': '2025-04-01T01:35:00+00:00', 'estimated': '2025-04-01T01:35:00+00:00', 'actual': None, 'estimated_runway': None, 'actual_runway': None}","{'airport': 'Istanbul Airport', 'timezone': 'Europe/Istanbul', 'iata': 'IST', 'icao': 'LTFM', 'terminal': None, 'gate': None, 'baggage': None, 'scheduled': '2025-04-01T04:30:00+00:00', 'delay': None, 'estimated': None, 'actual': None, 'estimated_runway': None, 'actual_runway': None}","{'name': 'Turkish Airlines', 'iata': 'TK', 'icao': 'THY'}","{'number': '875', 'iata': 'TK875', 'icao': 'THY875', 'codeshared': None}",,
2025-04-01,scheduled,"{'airport': None, 'timezone': None, 'iata': 'IKA', 'icao': 'OIIE', 'terminal': None, 'gate': None, 'delay': 5, 'scheduled': '2025-04-01T00:50:00+00:00', 'estimated': '2025-04-01T00:50:00+00:00', 'actual': None, 'estimated_runway': None, 'actual_runway': None}","{'airport': 'Dubai', 'timezone': 'Asia/Dubai', 'iata': 'DXB', 'icao': 'OMDB', 'terminal': '3', 'gate': None, 'baggage': '8', 'scheduled': '2025-04-01T03:35:00+00:00', 'delay': None, 'estimated': None, 'actual': None, 'estimated_runway': None, 'actual_runway': None}","{'name': 'flydubai', 'iata': 'FZ', 'icao': 'FDB'}","{'number': '1930', 'iata': 'FZ1930', 'icao': 'FDB1930', 'codeshared': None}",,
2025-04-01,scheduled,"{'airport': None, 'timezone': None, 'iata': 'IKA', 'icao': 'OIIE', 'terminal': None, 'gate': None, 'delay': 5, 'scheduled': '2025-04-01T00:50:00+00:00', 'estimated': '2025-04-01T00:50:00+00:00', 'actual': None, 'estimated_runway': None, 'actual_runway': None}","{'airport': 'Dubai', 'timezone': 'Asia/Dubai', 'iata': 'DXB', 'icao': 'OMDB', 'terminal': '3', 'gate': None, 'baggage': '8', 'scheduled': '2025-04-01T03:35:00+00:00', 'delay': None, 'estimated': None, 'actual': None, 'estimated_runway': None, 'actual_runway': None}","{'name': 'Emirates', 'iata': 'EK', 'icao': 'UAE'}","{'number': '2491', 'iata': 'EK2491', 'icao': 'UAE2491', 'codeshared': {'airline_name': 'flydubai', 'airline_iata': 'fz', 'airline_icao': 'fdb', 'flight_number': '1930', 'flight_iata': 'fz1930', 'flight_icao': 'fdb1930'}}",,
2025-04-01,scheduled,"{'airport': 'Mount Isa', 'timezone': 'Australia/Brisbane', 'iata': 'ISA', 'icao': 'YBMA', 'terminal': None, 'gate': None, 'delay': None, 'scheduled': '2025-04-01T08:00:00+00:00', 'estimated': '2025-04-01T08:00:00+00:00', 'actual': None, 'estimated_runway': None, 'actual_runway': None}","{'airport': 'Camooweal', 'timezone': 'Australia/Brisbane', 'iata': 'CML', 'icao': 'YCMW', 'terminal': None, 'gate': None, 'baggage': None, 'scheduled': '2025-04-01T08:43:00+00:00', 'delay': None, 'estimated': None, 'actual': None, 'estimated_runway': None, 'actual_runway': None}","{'name': 'empty', 'iata': None, 'icao': None}","{'number': None, 'iata': None, 'icao': None, 'codeshared': None}",,
2025-04-01,scheduled,"{'airport': 'Mount Isa', 'timezone': 'Australia/Brisbane', 'iata': 'ISA', 'icao': 'YBMA', 'terminal': None, 'gate': None, 'delay': None, 'scheduled': '2025-04-01T08:00:00+00:00', 'estimated': '2025-04-01T08:00:00+00:00', 'actual': None, 'estimated_runway': None, 'actual_runway': None}","{'airport': 'Boulia', 'timezone': 'Australia/Brisbane', 'iata': 'BQL', 'icao': 'YBOU', 'terminal': None, 'gate': None, 'baggage': None, 'scheduled': '2025-04-01T08:50:00+00:00', 'delay': None, 'estimated': None, 'actual': None, 'estimated_runway': None, 'actual_runway': None}","{'name': 'Rex Regional Express', 'iata': 'ZL', 'icao': 'RXA'}","{'number': '5661', 'iata': 'ZL5661', 'icao': 'RXA5661', 'codeshared': None}",,
2025-04-01,scheduled,"{'airport': 'Moorabbin', 'timezone': 'Australia/Melbourne', 'iata': 'MBW', 'icao': 'YMMB', 'terminal': None, 'gate': None, 'delay': None, 'scheduled': '2025-04-01T07:30:00+00:00', 'estimated': '2025-04-01T07:30:00+00:00', 'actual': None, 'estimated_runway': None, 'actual_runway': None}","{'airport': 'Albury', 'timezone': 'Australia/Sydney', 'iata': 'ABX', 'icao': 'YMAY', 'terminal': '2', 'gate': None, 'baggage': None, 'scheduled': '2025-04-01T08:30:00+00:00', 'delay': None, 'estimated': None, 'actual': None, 'estimated_runway': None, 'actual_runway': None}","{'name': 'empty', 'iata': None, 'icao': None}","{'number': None, 'iata': None, 'icao': None, 'codeshared': None}",,
2025-04-01,scheduled,"{'airport': 'Alama Iqbal International', 'timezone': 'Asia/Karachi', 'iata': 'LHE', 'icao': 'OPLA', 'terminal': 'M', 'gate': None, 'delay': None, 'scheduled': '2025-04-01T02:50:00+00:00', 'estimated': '2025-04-01T02:50:00+00:00', 'actual': None, 'estimated_runway': None, 'actual_runway': None}","{'airport': 'King Abdulaziz International', 'timezone': 'Asia/Riyadh', 'iata': 'JED', 'icao': 'OEJN', 'terminal': '1', 'gate': None, 'baggage': None, 'scheduled': '2025-04-01T06:00:00+00:00', 'delay': None, 'estimated': None, 'actual': None, 'estimated_runway': None, 'actual_runway': None}","{'name': 'Saudia', 'iata': 'SV', 'icao': 'SVA'}","{'number': '739', 'iata': 'SV739', 'icao': 'SVA739', 'codeshared': None}",,
2025-04-01,scheduled,"{'airport': 'Alama Iqbal International', 'timezone': 'Asia/Karachi', 'iata': 'LHE', 'icao': 'OPLA', 'terminal': 'M', 'gate': None, 'delay': None, 'scheduled': '2025-04-01T02:50:00+00:00', 'estimated': '2025-04-01T02:50:00+00:00', 'actual': None, 'estimated_runway': None, 'actual_runway': None}","{'airport': 'King Abdulaziz International', 'timezone': 'Asia/Riyadh', 'iata': 'JED', 'icao': 'OEJN', 'terminal': '1', 'gate': None, 'baggage': None, 'scheduled': '2025-04-01T06:00:00+00:00', 'delay': None, 'estimated': None, 'actual': None, 'estimated_runway': None, 'actual_runway': None}","{'name': 'Alitalia', 'iata': 'AZ', 'icao': 'AZA'}","{'number': '5220', 'iata': 'AZ5220', 'icao': 'AZA5220', 'codeshared': {'airline_name': 'saudia', 'airline_iata': 'sv', 'airline_icao': 'sva', 'flight_number': '739', 'flight_iata': 'sv739', 'flight_icao': 'sva739'}}",,
2025-04-01,scheduled,"{'airport': 'Alama Iqbal International', 'timezone': 'Asia/Karachi', 'iata': 'LHE', 'icao': 'OPLA', 'terminal': 'M', 'gate': None, 'delay': 120, 'scheduled': '2025-04-01T04:45:00+00:00', 'estimated': '2025-04-01T04:45:00+00:00', 'actual': None, 'estimated_runway': None, 'actual_runway': None}","{'airport': 'King Khaled International', 'timezone': 'Asia/Riyadh', 'iata': 'RUH', 'icao': 'OERK', 'terminal': '3', 'gate': None, 'baggage': None, 'scheduled': '2025-04-01T07:25:00+00:00', 'delay': None, 'estimated': None, 'actual': None, 'estimated_runway': None, 'actual_runway': None}","{'name': 'Pakistan International Airlines', 'iata': 'PK', 'icao': 'PIA'}","{'number': '725', 'iata': 'PK725', 'icao': 'PIA725', 'codeshared': None}",,
2025-04-01,scheduled,"{'airport': 'Faleolo', 'timezone': 'Pacific/Apia', 'iata': 'APW', 'icao': 'NSFA', 'terminal': None, 'gate': None, 'delay': None, 'scheduled': '2025-04-01T11:00:00+00:00', 'estimated': '2025-04-01T11:00:00+00:00', 'actual': None, 'estimated_runway': None, 'actual_runway': None}","{'airport': 'Hobart', 'timezone': 'Australia/Hobart', 'iata': 'HBA', 'icao': 'YMHB', 'terminal': 'I', 'gate': None, 'baggage': None, 'scheduled': '2025-04-01T15:25:00+00:00', 'delay': None, 'estimated': None, 'actual': None, 'estimated_runway': None, 'actual_runway': None}","{'name': 'SmartWings', 'iata': 'QS', 'icao': 'TVS'}","{'number': '4365', 'iata': 'QS4365', 'icao': 'TVS4365', 'codeshared': None}",,
2025-04-01,scheduled,"{'airport': 'Vnukovo', 'timezone': 'Europe/Moscow', 'iata': 'VKO', 'icao': 'UUWW', 'terminal': 'A', 'gate': '26', 'delay': 5, 'scheduled': '2025-04-01T01:05:00+00:00', 'estimated': '2025-04-01T01:05:00+00:00', 'actual': None, 'estimated_runway': None, 'actual_runway': None}","{'airport': 'Zvartnots International', 'timezone': 'Asia/Yerevan', 'iata': 'EVN', 'icao': 'UDYZ', 'terminal': None, 'gate': None, 'baggage': None, 'scheduled': '2025-04-01T05:00:00+00:00', 'delay': None, 'estimated': None, 'actual': None, 'estimated_runway': None, 'actual_runway': None}","{'name': 'Fly One', 'iata': '5F', 'icao': 'FIA'}","{'number': '324', 'iata': '5F324', 'icao': 'FIA324', 'codeshared': None}",,
2025-04-01,scheduled,"{'airport': 'Vnukovo', 'timezone': 'Europe/Moscow', 'iata': 'VKO', 'icao': 'UUWW', 'terminal': 'A', 'gate': '26', 'delay': 5, 'scheduled': '2025-04-01T01:05:00+00:00', 'estimated': '2025-04-01T01:05:00+00:00', 'actual': None, 'estimated_runway': None, 'actual_runway': None}","{'airport': 'Zvartnots International', 'timezone': 'Asia/Yerevan', 'iata': 'EVN', 'icao': 'UDYZ', 'terminal': None, 'gate': None, 'baggage': None, 'scheduled': '2025-04-01T05:00:00+00:00', 'delay': None, 'estimated': None, 'actual': None, 'estimated_runway': None, 'actual_runway': None}","{'name': 'Fly One', 'iata': '5F', 'icao': 'FIA'}","{'number': '9324', 'iata': '5F9324', 'icao': 'FIA9324', 'codeshared': {'airline_name': 'fly one', 'airline_iata': '5f', 'airline_icao': 'fia', 'flight_number': '324', 'flight_iata': '5f324', 'flight_icao': 'fia324'}}",,
2025-04-01,scheduled,"{'airport': 'Vnukovo', 'timezone': 'Europe/Moscow', 'iata': 'VKO', 'icao': 'UUWW', 'terminal': 'A', 'gate': '27', 'delay': 18, 'scheduled': '2025-04-01T01:05:00+00:00', 'estimated': '2025-04-01T01:05:00+00:00', 'actual': None, 'estimated_runway': None, 'actual_runway': None}","{'airport': 'Dubai', 'timezone': 'Asia/Dubai', 'iata': 'DXB', 'icao': 'OMDB', 'terminal': '2', 'gate': None, 'baggage': None, 'scheduled': '2025-04-01T07:45:00+00:00', 'delay': None, 'estimated': None, 'actual': None, 'estimated_runway': None, 'actual_runway': None}","{'name': 'flydubai', 'iata': 'FZ', 'icao': 'FDB'}","{'number': '988', 'iata': 'FZ988', 'icao': 'FDB988', 'codeshared': None}",,
2025-04-01,scheduled,"{'airport': 'Vnukovo', 'timezone': 'Europe/Moscow', 'iata': 'VKO', 'icao': 'UUWW', 'terminal': 'A', 'gate': '27', 'delay': 18, 'scheduled': '2025-04-01T01:05:00+00:00', 'estimated': '2025-04-01T01:05:00+00:00', 'actual': None, 'estimated_runway': None, 'actual_runway': None}","{'airport': 'Dubai', 'timezone': 'Asia/Dubai', 'iata': 'DXB', 'icao': 'OMDB', 'terminal': '2', 'gate': None, 'baggage': None, 'scheduled': '2025-04-01T07:45:00+00:00', 'delay': None, 'estimated': None, 'actual': None, 'estimated_runway': None, 'actual_runway': None}","{'name': 'Emirates', 'iata': 'EK', 'icao': 'UAE'}","{'number': '2323', 'iata': 'EK2323', 'icao': 'UAE2323', 'codeshared': {'airline_name': 'flydubai', 'airline_iata': 'fz', 'airline_icao': 'fdb', 'flight_number': '988', 'flight_iata': 'fz988', 'flight_icao': 'fdb988'}}",,
2025-04-01,scheduled,"{'airport': 'Vnukovo', 'timezone': 'Europe/Moscow', 'iata': 'VKO', 'icao': 'UUWW', 'terminal': 'A', 'gate': '19', 'delay': 18, 'scheduled': '2025-04-01T01:00:00+00:00', 'estimated': '2025-04-01T01:00:00+00:00', 'actual': None, 'estimated_runway': None, 'actual_runway': None}","{'airport': 'Heydar Aliyev International (Bina International)', 'timezone': 'Asia/Baku', 'iata': 'GYD', 'icao': 'UBBB', 'terminal': '1', 'gate': None, 'baggage': None, 'scheduled': '2025-04-01T05:25:00+00:00', 'delay': None, 'estimated': None, 'actual': None, 'estimated_runway': None, 'actual_runway': None}","{'name': 'AZAL Azerbaijan Airlines', 'iata': 'J2', 'icao': 'AHY'}","{'number': '810', 'iata': 'J2810', 'icao': 'AHY810', 'codeshared': None}",,
2025-04-01,scheduled,"{'airport': 'Vnukovo', 'timezone': 'Europe/Moscow', 'iata': 'VKO', 'icao': 'UUWW', 'terminal': 'A', 'gate': '19', 'delay': 18, 'scheduled': '2025-04-01T01:00:00+00:00', 'estimated': '2025-04-01T01:00:00+00:00', 'actual': None, 'estimated_runway': None, 'actual_runway': None}","{'airport': 'Heydar Aliyev International (Bina International)', 'timezone': 'Asia/Baku', 'iata': 'GYD', 'icao': 'UBBB', 'terminal': '1', 'gate': None, 'baggage': None, 'scheduled': '2025-04-01T05:25:00+00:00', 'delay': None, 'estimated': None, 'actual': None, 'estimated_runway': None, 'actual_runway': None}","{'name': 'S7 Airlines', 'iata': 'S7', 'icao': 'SBI'}","{'number': '4139', 'iata': 'S74139', 'icao': 'SBI4139', 'codeshared': {'airline_name': 'azal azerbaijan airlines', 'airline_iata': 'j2', 'airline_icao': 'ahy', 'flight_number': '810', 'flight_iata': 'j2810', 'flight_icao': 'ahy810'}}",,
2025-04-01,scheduled,"{'airport': 'Vnukovo', 'timezone': 'Europe/Moscow', 'iata': 'VKO', 'icao': 'UUWW', 'terminal': 'A', 'gate': '24', 'delay': None, 'scheduled': '2025-04-01T01:00:00+00:00', 'estimated': '2025-04-01T01:00:00+00:00', 'actual': None, 'estimated_runway': None, 'actual_runway': None}","{'airport': 'Samarkand', 'timezone': 'Asia/Samarkand', 'iata': 'SKD', 'icao': 'UTSS', 'terminal': None, 'gate': None, 'baggage': None, 'scheduled': '2025-04-01T07:00:00+00:00', 'delay': None, 'estimated': None, 'actual': None, 'estimated_runway': None, 'actual_runway': None}","{'name': 'Uzbekistan Airways', 'iata': 'HY', 'icao': 'UZB'}","{'number': '606', 'iata': 'HY606', 'icao': 'UZB606', 'codeshared': None}",,
2025-04-01,scheduled,"{'airport': 'Vnukovo', 'timezone': 'Europe/Moscow', 'iata': 'VKO', 'icao': 'UUWW', 'terminal': 'A', 'gate': '24', 'delay': None, 'scheduled': '2025-04-01T01:00:00+00:00', 'estimated': '2025-04-01T01:00:00+00:00', 'actual': None, 'estimated_runway': None, 'actual_runway': None}","{'airport': 'Samarkand', 'timezone': 'Asia/Samarkand', 'iata': 'SKD', 'icao': 'UTSS', 'terminal': None, 'gate': None, 'baggage': None, 'scheduled': '2025-04-01T07:00:00+00:00', 'delay': None, 'estimated': None, 'actual': None, 'estimated_runway': None, 'actual_runway': None}","{'name': 'S7 Airlines', 'iata': 'S7', 'icao': 'SBI'}","{'number': '4265', 'iata': 'S74265', 'icao': 'SBI4265', 'codeshared': {'airline_name': 'uzbekistan airways', 'airline_iata': 'hy', 'airline_icao': 'uzb', 'flight_number': '606', 'flight_iata': 'hy606', 'flight_icao': 'uzb606'}}",,
2025-04-01,scheduled,"{'airport': 'Vnukovo', 'timezone': 'Europe/Moscow', 'iata': 'VKO', 'icao': 'UUWW', 'terminal': 'A', 'gate': '13A', 'delay': None, 'scheduled': '2025-04-01T00:45:00+00:00', 'estimated': '2025-04-01T00:45:00+00:00', 'actual': None, 'estimated_runway': None, 'actual_runway': None}","{'airport': 'Ufa International Airport', 'timezone': 'Asia/Yekaterinburg', 'iata': 'UFA', 'icao': 'UWUU', 'terminal': '1', 'gate': None, 'baggage': None, 'scheduled': '2025-04-01T04:50:00+00:00', 'delay': None, 'estimated': None, 'actual': None, 'estimated_runway': None, 'actual_runway': None}","{'name': 'Pobeda', 'iata': 'DP', 'icao': 'PBD'}","{'number': '435', 'iata': 'DP435', 'icao': 'PBD435', 'codeshared': None}",,
2025-04-01,scheduled,"{'airport': 'Vnukovo', 'timezone': 'Europe/Moscow', 'iata': 'VKO', 'icao': 'UUWW', 'terminal': 'A', 'gate': '12A', 'delay': None, 'scheduled': '2025-04-01T00:35:00+00:00', 'estimated': '2025-04-01T00:35:00+00:00', 'actual': None, 'estimated_runway': None, 'actual_runway': None}","{'airport': 'Bolshoye Savino', 'timezone': 'Asia/Yekaterinburg', 'iata': 'PEE', 'icao': 'USPP', 'terminal': 'A', 'gate': None, 'baggage': None, 'scheduled': '2025-04-01T04:40:00+00:00', 'delay': None, 'estimated': None, 'actual': None, 'estimated_runway': None, 'actual_runway': None}","{'name': 'Pobeda', 'iata': 'DP', 'icao': 'PBD'}","{'number': '433', 'iata': 'DP433', 'icao': 'PBD433', 'codeshared': None}",,
2025-04-01,scheduled,"{'airport': 'Vnukovo', 'timezone': 'Europe/Moscow', 'iata': 'VKO', 'icao': 'UUWW', 'terminal': 'A', 'gate': '22', 'delay': 18, 'scheduled': '2025-04-01T00:35:00+00:00', 'estimated': '2025-04-01T00:35:00+00:00', 'actual': None, 'estimated_runway': None, 'actual_runway': None}","{'airport': 'Istanbul Airport', 'timezone': 'Europe/Istanbul', 'iata': 'IST', 'icao': 'LTFM', 'terminal': None, 'gate': None, 'baggage': None, 'scheduled': '2025-04-01T04:45:00+00:00', 'delay': None, 'estimated': None, 'actual': None, 'estimated_runway': None, 'actual_runway': None}","{'name': 'Turkish Airlines', 'iata': 'TK', 'icao': 'THY'}","{'number': '412', 'iata': 'TK412', 'icao': 'THY412', 'codeshared': None}",,
2025-04-01,scheduled,"{'airport': 'Vnukovo', 'timezone': 'Europe/Moscow', 'iata': 'VKO', 'icao': 'UUWW', 'terminal': 'A', 'gate': '14A', 'delay': None, 'scheduled': '2025-04-01T00:30:00+00:00', 'estimated': '2025-04-01T00:30:00+00:00', 'actual': None, 'estimated_runway': None, 'actual_runway': None}","{'airport': 'Roschino', 'timezone': 'Asia/Yekaterinburg', 'iata': 'TJM', 'icao': 'USTR', 'terminal': None, 'gate': None, 'baggage': None, 'scheduled': '2025-04-01T05:15:00+00:00', 'delay': None, 'estimated': None, 'actual': None, 'estimated_runway': None, 'actual_runway': None}","{'name': 'Pobeda', 'iata': 'DP', 'icao': 'PBD'}","{'number': '449', 'iata': 'DP449', 'icao': 'PBD449', 'codeshared': None}",,
2025-04-01,scheduled,"{'airport': 'Vnukovo', 'timezone': 'Europe/Moscow', 'iata': 'VKO', 'icao': 'UUWW', 'terminal': 'A', 'gate': '15', 'delay': None, 'scheduled': '2025-04-01T00:30:00+00:00', 'estimated': '2025-04-01T00:30:00+00:00', 'actual': None, 'estimated_runway': None, 'actual_runway': None}","{'airport': 'Vladikavkaz', 'timezone': 'Europe/Moscow', 'iata': 'OGZ', 'icao': 'URMO', 'terminal': None, 'gate': None, 'baggage': None, 'scheduled': '2025-04-01T03:50:00+00:00', 'delay': None, 'estimated': None, 'actual': None, 'estimated_runway': None, 'actual_runway': None}","{'name': 'UTair Aviation', 'iata': 'UT', 'icao': 'UTA'}","{'number': '395', 'iata': 'UT395', 'icao': 'UTA395', 'codeshared': None}",,
2025-04-01,scheduled,"{'airport': 'Vnukovo', 'timezone': 'Europe/Moscow', 'iata': 'VKO', 'icao': 'UUWW', 'terminal': 'A', 'gate': '08', 'delay': None, 'scheduled': '2025-04-01T00:30:00+00:00', 'estimated': '2025-04-01T00:30:00+00:00', 'actual': None, 'estimated_runway': None, 'actual_runway': None}","{'airport': 'Pulkovo', 'timezone': 'Europe/Moscow', 'iata': 'LED', 'icao': 'ULLI', 'terminal': '1', 'gate': None, 'baggage': None, 'scheduled': '2025-04-01T02:00:00+00:00', 'delay': None, 'estimated': None, 'actual': None, 'estimated_runway': None, 'actual_runway': None}","{'name': 'Aeroflot', 'iata': 'SU', 'icao': 'AFL'}","{'number': '6188', 'iata': 'SU6188', 'icao': 'AFL6188', 'codeshared': None}",,
2025-04-01,scheduled,"{'airport': 'Vnukovo', 'timezone': 'Europe/Moscow', 'iata': 'VKO', 'icao': 'UUWW', 'terminal': None, 'gate': None, 'delay': None, 'scheduled': '2025-04-01T00:20:00+00:00', 'estimated': '2025-04-01T00:20:00+00:00', 'actual': None, 'estimated_runway': None, 'actual_runway': None}","{'airport': 'Chelyabinsk', 'timezone': 'Asia/Yekaterinburg', 'iata': 'CEK', 'icao': 'USCC', 'terminal': 'I', 'gate': None, 'baggage': None, 'scheduled': '2025-04-01T04:40:00+00:00', 'delay': None, 'estimated': None, 'actual': None, 'estimated_runway': None, 'actual_runway': None}","{'name': 'Pobeda', 'iata': 'DP', 'icao': 'PBD'}","{'number': '1413', 'iata': 'DP1413', 'icao': 'PBD1413', 'codeshared': None}",,
2025-04-01,scheduled,"{'airport': 'Liege Airport', 'timezone': 'Europe/Brussels', 'iata': 'LGG', 'icao': 'EBLG', 'terminal': None, 'gate': None, 'delay': None, 'scheduled': '2025-04-01T00:05:00+00:00', 'estimated': '2025-04-01T00:05:00+00:00', 'actual': None, 'estimated_runway': None, 'actual_runway': None}","{'airport': ""Chicago O'hare International"", 'timezone': 'America/Chicago', 'iata': 'ORD', 'icao': 'KORD', 'terminal': None, 'gate': None, 'baggage': None, 'scheduled': '2025-04-01T02:15:00+00:00', 'delay': None, 'estimated': None, 'actual': None, 'estimated_runway': None, 'actual_runway': None}","{'name': 'Qatar Airways', 'iata': 'QR', 'icao': 'QTR'}","{'number': '8166', 'iata': 'QR8166', 'icao': 'QTR8166', 'codeshared': None}",,
2025-04-01,scheduled,"{'airport': 'Auckland International', 'timezone': 'Pacific/Auckland', 'iata': 'AKL', 'icao': 'NZAA', 'terminal': 'I', 'gate': '7', 'delay': 128, 'scheduled': '2025-04-01T01:25:00+00:00', 'estimated': '2025-04-01T01:25:00+00:00', 'actual': '2025-04-01T03:33:00+00:00', 'estimated_runway': '2025-04-01T03:33:00+00:00', 'actual_runway': '2025-04-01T03:33:00+00:00'}","{'airport': 'Kuala Lumpur International Airport (klia)', 'timezone': 'Asia/Kuala_Lumpur', 'iata': 'KUL', 'icao': 'WMKK', 'terminal': '1', 'gate': 'C4', 'baggage': None, 'scheduled': '2025-04-01T07:55:00+00:00', 'delay': 79, 'estimated': '2025-04-01T09:14:00+00:00', 'actual': None, 'estimated_runway': None, 'actual_runway': None}","{'name': 'Qatar Airways', 'iata': 'QR', 'icao': 'QTR'}","{'number': '4970', 'iata': 'QR4970', 'icao': 'QTR4970', 'codeshared': {'airline_name': 'malaysia airlines', 'airline_iata': 'mh', 'airline_icao': 'mas', 'flight_number': '132', 'flight_iata': 'mh132', 'flight_icao': 'mas132'}}",,
2025-04-01,scheduled,"{'airport': 'Auckland International', 'timezone': 'Pacific/Auckland', 'iata': 'AKL', 'icao': 'NZAA', 'terminal': 'I', 'gate': '7', 'delay': 128, 'scheduled': '2025-04-01T01:25:00+00:00', 'estimated': '2025-04-01T01:25:00+00:00', 'actual': '2025-04-01T03:33:00+00:00', 'estimated_runway': '2025-04-01T03:33:00+00:00', 'actual_runway': '2025-04-01T03:33:00+00:00'}","{'airport': 'Kuala Lumpur International Airport (klia)', 'timezone': 'Asia/Kuala_Lumpur', 'iata': 'KUL', 'icao': 'WMKK', 'terminal': '1', 'gate': 'C4', 'baggage': None, 'scheduled': '2025-04-01T07:55:00+00:00', 'delay': 79, 'estimated': '2025-04-01T09:14:00+00:00', 'actual': None, 'estimated_runway': None, 'actual_runway': None}","{'name': 'KLM', 'iata': 'KL', 'icao': 'KLM'}","{'number': '4096', 'iata': 'KL4096', 'icao': 'KLM4096', 'codeshared': {'airline_name': 'malaysia airlines', 'airline_iata': 'mh', 'airline_icao': 'mas', 'flight_number': '132', 'flight_iata': 'mh132', 'flight_icao': 'mas132'}}",,
2025-04-01,scheduled,"{'airport': 'Auckland International', 'timezone': 'Pacific/Auckland', 'iata': 'AKL', 'icao': 'NZAA', 'terminal': 'I', 'gate': '7', 'delay': 128, 'scheduled': '2025-04-01T01:25:00+00:00', 'estimated': '2025-04-01T01:25:00+00:00', 'actual': '2025-04-01T03:33:00+00:00', 'estimated_runway': '2025-04-01T03:33:00+00:00', 'actual_runway': '2025-04-01T03:33:00+00:00'}","{'airport': 'Kuala Lumpur International Airport (klia)', 'timezone': 'Asia/Kuala_Lumpur', 'iata': 'KUL', 'icao': 'WMKK', 'terminal': '1', 'gate': 'C4', 'baggage': None, 'scheduled': '2025-04-01T07:55:00+00:00', 'delay': 79, 'estimated': '2025-04-01T09:14:00+00:00', 'actual': None, 'estimated_runway': None, 'actual_runway': None}","{'name': 'Firefly', 'iata': 'FY', 'icao': 'FFM'}","{'number': '7170', 'iata': 'FY7170', 'icao': 'FFM7170', 'codeshared': {'airline_name': 'malaysia airlines', 'airline_iata': 'mh', 'airline_icao': 'mas', 'flight_number': '132', 'flight_iata': 'mh132', 'flight_icao': 'mas132'}}",,
2025-04-01,active,"{'airport': 'Guangzhou Baiyun International', 'timezone': 'Asia/Shanghai', 'iata': 'CAN', 'icao': 'ZGGG', 'terminal': '1', 'gate': 'F,G', 'delay': 20, 'scheduled': '2025-04-01T01:15:00+00:00', 'estimated': '2025-04-01T01:15:00+00:00', 'actual': '2025-04-01T01:35:00+00:00', 'estimated_runway': '2025-04-01T01:35:00+00:00', 'actual_runway': '2025-04-01T01:35:00+00:00'}","{'airport': 'Seoul (Incheon)', 'timezone': 'Asia/Seoul', 'iata': 'ICN', 'icao': 'RKSI', 'terminal': '1', 'gate': '20', 'baggage': '3', 'scheduled': '2025-04-01T05:45:00+00:00', 'delay': None, 'estimated': '2025-04-01T05:22:00+00:00', 'actual': None, 'estimated_runway': None, 'actual_runway': None}","{'name': 'Shenzhen Airlines', 'iata': 'ZH', 'icao': 'CSZ'}","{'number': '3309', 'iata': 'ZH3309', 'icao': 'CSZ3309', 'codeshared': {'airline_name': 'asiana airlines', 'airline_iata': 'oz', 'airline_icao': 'aar', 'flight_number': '356', 'flight_iata': 'oz356', 'flight_icao': 'aar356'}}",,
2025-04-01,scheduled,"{'airport': 'Guangzhou Baiyun International', 'timezone': 'Asia/Shanghai', 'iata': 'CAN', 'icao': 'ZGGG', 'terminal': None, 'gate': None, 'delay': None, 'scheduled': '2025-04-01T04:05:00+00:00', 'estimated': '2025-04-01T04:05:00+00:00', 'actual': None, 'estimated_runway': None, 'actual_runway': None}","{'airport': 'Nanjing Lukou International Airport', 'timezone': 'Asia/Shanghai', 'iata': 'NKG', 'icao': 'ZSNJ', 'terminal': '2', 'gate': None, 'baggage': None, 'scheduled': '2025-04-01T05:55:00+00:00', 'delay': None, 'estimated': None, 'actual': None, 'estimated_runway': None, 'actual_runway': None}","{'name': 'SF Airlines', 'iata': 'O3', 'icao': 'CSS'}","{'number': '7304', 'iata': 'O37304', 'icao': 'CSS7304', 'codeshared': None}",,
2025-04-01,scheduled,"{'airport': 'Guangzhou Baiyun International', 'timezone': 'Asia/Shanghai', 'iata': 'CAN', 'icao': 'ZGGG', 'terminal': None, 'gate': None, 'delay': None, 'scheduled': '2025-04-01T04:10:00+00:00', 'estimated': '2025-04-01T04:10:00+00:00', 'actual': None, 'estimated_runway': None, 'actual_runway': None}","{'airport': 'Xianyang', 'timezone': 'Asia/Shanghai', 'iata': 'XIY', 'icao': 'ZLXY', 'terminal': '5', 'gate': None, 'baggage': None, 'scheduled': '2025-04-01T06:50:00+00:00', 'delay': None, 'estimated': None, 'actual': None, 'estimated_runway': None, 'actual_runway': None}","{'name': 'North-Western Cargo International Airlines', 'iata': 'CO', 'icao': 'CNW'}","{'number': '9618', 'iata': 'CO9618', 'icao': 'CNW9618', 'codeshared': None}",,
2025-04-01,scheduled,"{'airport': 'Guangzhou Baiyun International', 'timezone': 'Asia/Shanghai', 'iata': 'CAN', 'icao': 'ZGGG', 'terminal': None, 'gate': None, 'delay': None, 'scheduled': '2025-04-01T04:10:00+00:00', 'estimated': '2025-04-01T04:10:00+00:00', 'actual': None, 'estimated_runway': None, 'actual_runway': None}","{'airport': 'Chongqing Jiangbei International', 'timezone': 'Asia/Shanghai', 'iata': 'CKG', 'icao': 'ZUCK', 'terminal': '3', 'gate': None, 'baggage': None, 'scheduled': '2025-04-01T05:55:00+00:00', 'delay': None, 'estimated': None, 'actual': None, 'estimated_runway': None, 'actual_runway': None}","{'name': 'SF Airlines', 'iata': 'O3', 'icao': 'CSS'}","{'number': '7444', 'iata': 'O37444', 'icao': 'CSS7444', 'codeshared': None}",,
2025-04-01,scheduled,"{'airport': 'Guangzhou Baiyun International', 'timezone': 'Asia/Shanghai', 'iata': 'CAN', 'icao': 'ZGGG', 'terminal': None, 'gate': None, 'delay': None, 'scheduled': '2025-04-01T04:10:00+00:00', 'estimated': '2025-04-01T04:10:00+00:00', 'actual': None, 'estimated_runway': None, 'actual_runway': None}","{'airport': 'Manas (Bishkek)', 'timezone': 'Asia/Bishkek', 'iata': 'FRU', 'icao': 'UCFM', 'terminal': None, 'gate': None, 'baggage': None, 'scheduled': '2025-04-01T08:05:00+00:00', 'delay': None, 'estimated': None, 'actual': None, 'estimated_runway': None, 'actual_runway': None}","{'name': 'Turkish Airlines', 'iata': 'TK', 'icao': 'THY'}","{'number': '6531', 'iata': 'TK6531', 'icao': 'THY6531', 'codeshared': None}",,
2025-04-01,scheduled,"{'airport': 'Guangzhou Baiyun International', 'timezone': 'Asia/Shanghai', 'iata': 'CAN', 'icao': 'ZGGG', 'terminal': None, 'gate': None, 'delay': None, 'scheduled': '2025-04-01T04:10:00+00:00', 'estimated': '2025-04-01T04:10:00+00:00', 'actual': None, 'estimated_runway': None, 'actual_runway': None}","{'airport': 'Ted Stevens Anchorage International Airport', 'timezone': 'America/Anchorage', 'iata': 'ANC', 'icao': 'PANC', 'terminal': None, 'gate': None, 'baggage': None, 'scheduled': '2025-03-31T21:30:00+00:00', 'delay': None, 'estimated': None, 'actual': None, 'estimated_runway': None, 'actual_runway': None}","{'name': 'China Southern Airlines', 'iata': 'CZ', 'icao': 'CSN'}","{'number': '2543', 'iata': 'CZ2543', 'icao': 'CSN2543', 'codeshared': None}",,
2025-04-01,scheduled,"{'airport': 'Guangzhou Baiyun International', 'timezone': 'Asia/Shanghai', 'iata': 'CAN', 'icao': 'ZGGG', 'terminal': None, 'gate': None, 'delay': None, 'scheduled': '2025-04-01T04:20:00+00:00', 'estimated': '2025-04-01T04:20:00+00:00', 'actual': None, 'estimated_runway': None, 'actual_runway': None}","{'airport': 'Doha International', 'timezone': 'Asia/Qatar', 'iata': 'DOH', 'icao': 'OTHH', 'terminal': None, 'gate': None, 'baggage': None, 'scheduled': '2025-04-01T08:35:00+00:00', 'delay': None, 'estimated': None, 'actual': None, 'estimated_runway': None, 'actual_runway': None}","{'name': 'Qatar Airways', 'iata': 'QR', 'icao': 'QTR'}","{'number': '8943', 'iata': 'QR8943', 'icao': 'QTR8943', 'codeshared': None}",,
2025-04-01,scheduled,"{'airport': 'Guangzhou Baiyun International', 'timezone': 'Asia/Shanghai', 'iata': 'CAN', 'icao': 'ZGGG', 'terminal': '1', 'gate': None, 'delay': None, 'scheduled': '2025-04-01T04:30:00+00:00', 'estimated': '2025-04-01T04:30:00+00:00', 'actual': None, 'estimated_runway': None, 'actual_runway': None}","{'airport': 'Zia International', 'timezone': 'Asia/Dhaka', 'iata': 'DAC', 'icao': 'VGHS', 'terminal': '2', 'gate': None, 'baggage': None, 'scheduled': '2025-04-01T06:25:00+00:00', 'delay': None, 'estimated': None, 'actual': None, 'estimated_runway': None, 'actual_runway': None}","{'name': 'Biman Bangladesh Airlines', 'iata': 'BG', 'icao': 'BBC'}","{'number': '367', 'iata': 'BG367', 'icao': 'BBC367', 'codeshared': None}",,
2025-04-01,scheduled,"{'airport': 'Guangzhou Baiyun International', 'timezone': 'Asia/Shanghai', 'iata': 'CAN', 'icao': 'ZGGG', 'terminal': '2', 'gate': 'P', 'delay': 10, 'scheduled': '2025-04-01T04:45:00+00:00', 'estimated': '2025-04-01T04:45:00+00:00', 'actual': None, 'estimated_runway': None, 'actual_runway': None}","{'airport': 'Schiphol', 'timezone': 'Europe/Amsterdam', 'iata': 'AMS', 'icao': 'EHAM', 'terminal': None, 'gate': None, 'baggage': None, 'scheduled': '2025-04-01T11:00:00+00:00', 'delay': None, 'estimated': None, 'actual': None, 'estimated_runway': None, 'actual_runway': None}","{'name': 'China Southern Airlines', 'iata': 'CZ', 'icao': 'CSN'}","{'number': '307', 'iata': 'CZ307', 'icao': 'CSN307', 'codeshared': None}",,
2025-04-01,scheduled,"{'airport': 'Guangzhou Baiyun International', 'timezone': 'Asia/Shanghai', 'iata': 'CAN', 'icao': 'ZGGG', 'terminal': None, 'gate': None, 'delay': None, 'scheduled': '2025-04-01T04:45:00+00:00', 'estimated': '2025-04-01T04:45:00+00:00', 'actual': None, 'estimated_runway': None, 'actual_runway': None}","{'airport': 'Seoul (Incheon)', 'timezone': 'Asia/Seoul', 'iata': 'ICN', 'icao': 'RKSI', 'terminal': None, 'gate': None, 'baggage': None, 'scheduled': '2025-04-01T09:10:00+00:00', 'delay': None, 'estimated': None, 'actual': None, 'estimated_runway': None, 'actual_runway': None}","{'name': 'Korean Air', 'iata': 'KE', 'icao': 'KAL'}","{'number': '320', 'iata': 'KE320', 'icao': 'KAL320', 'codeshared': None}",,
2025-04-01,scheduled,"{'airport': 'Guangzhou Baiyun International', 'timezone': 'Asia/Shanghai', 'iata': 'CAN', 'icao': 'ZGGG', 'terminal': None, 'gate': None, 'delay': None, 'scheduled': '2025-04-01T04:50:00+00:00', 'estimated': '2025-04-01T04:50:00+00:00', 'actual': None, 'estimated_runway': None, 'actual_runway': None}","{'airport': 'Hangzhou', 'timezone': 'Asia/Shanghai', 'iata': 'HGH', 'icao': 'ZSHC', 'terminal': '3', 'gate': None, 'baggage': None, 'scheduled': '2025-04-01T06:55:00+00:00', 'delay': None, 'estimated': None, 'actual': None, 'estimated_runway': None, 'actual_runway': None}","{'name': 'China Postal Airlines', 'iata': 'CF', 'icao': 'CYZ'}","{'number': '9082', 'iata': 'CF9082', 'icao': 'CYZ9082', 'codeshared': None}",,
2025-04-01,scheduled,"{'airport': 'Guangzhou Baiyun International', 'timezone': 'Asia/Shanghai', 'iata': 'CAN', 'icao': 'ZGGG', 'terminal': None, 'gate': None, 'delay': None, 'scheduled': '2025-04-01T04:55:00+00:00', 'estimated': '2025-04-01T04:55:00+00:00', 'actual': None, 'estimated_runway': None, 'actual_runway': None}","{'airport': 'Seoul (Incheon)', 'timezone': 'Asia/Seoul', 'iata': 'ICN', 'icao': 'RKSI', 'terminal': None, 'gate': None, 'baggage': None, 'scheduled': '2025-04-01T09:20:00+00:00', 'delay': None, 'estimated': None, 'actual': None, 'estimated_runway': None, 'actual_runway': None}","{'name': 'Korean Air', 'iata': 'KE', 'icao': 'KAL'}","{'number': '9320', 'iata': 'KE9320', 'icao': 'KAL9320', 'codeshared': None}",,
2025-04-01,scheduled,"{'airport': 'Guangzhou Baiyun International', 'timezone': 'Asia/Shanghai', 'iata': 'CAN', 'icao': 'ZGGG', 'terminal': '1', 'gate': 'J,K', 'delay': None, 'scheduled': '2025-04-01T05:00:00+00:00', 'estimated': '2025-04-01T05:00:00+00:00', 'actual': None, 'estimated_runway': None, 'actual_runway': None}","{'airport': 'Phnom Penh International', 'timezone': 'Asia/Phnom_Penh', 'iata': 'PNH', 'icao': 'VDPP', 'terminal': 'I', 'gate': None, 'baggage': None, 'scheduled': '2025-04-01T07:00:00+00:00', 'delay': None, 'estimated': None, 'actual': None, 'estimated_runway': None, 'actual_runway': None}","{'name': 'Cambodia Angkor Air', 'iata': 'K6', 'icao': 'KHV'}","{'number': '611', 'iata': 'K6611', 'icao': 'KHV611', 'codeshared': None}",,
2025-04-01,scheduled,"{'airport': 'Guangzhou Baiyun International', 'timezone': 'Asia/Shanghai', 'iata': 'CAN', 'icao': 'ZGGG', 'terminal': '1', 'gate': None, 'delay': None, 'scheduled': '2025-04-01T05:00:00+00:00', 'estimated': '2025-04-01T05:00:00+00:00', 'actual': None, 'estimated_runway': None, 'actual_runway': None}","{'airport': None, 'timezone': None, 'iata': 'IKA', 'icao': 'OIIE', 'terminal': None, 'gate': None, 'baggage': None, 'scheduled': '2025-04-01T09:10:00+00:00', 'delay': None, 'estimated': None, 'actual': None, 'estimated_runway': None, 'actual_runway': None}","{'name': 'Mahan Air', 'iata': 'W5', 'icao': 'IRM'}","{'number': '80', 'iata': 'W580', 'icao': 'IRM80', 'codeshared': None}","{'registration': 'EP-MMQ', 'iata': 'A346', 'icao': 'A346', 'icao24': '7335B1'}","{'updated': '2025-03-31T18:08:51+00:00', 'latitude': 22.9259, 'longitude': 97.5731, 'altitude': 10363.2, 'direction': 250, 'speed_horizontal': 798.212, 'speed_vertical': 0, 'is_ground': False}"
2025-04-01,scheduled,"{'airport': 'Ninoy Aquino International', 'timezone': 'Asia/Manila', 'iata': 'MNL', 'icao': 'RPLL', 'terminal': None, 'gate': None, 'delay': None, 'scheduled': '2025-04-01T00:30:00+00:00', 'estimated': '2025-04-01T00:30:00+00:00', 'actual': None, 'estimated_runway': None, 'actual_runway': None}","{'airport': 'Wenzhou', 'timezone': 'Asia/Shanghai', 'iata': 'WNZ', 'icao': 'ZSWZ', 'terminal': 'T2', 'gate': None, 'baggage': None, 'scheduled': '2025-04-01T03:30:00+00:00', 'delay': None, 'estimated': None, 'actual': None, 'estimated_runway': None, 'actual_runway': None}","{'name': 'YTO Cargo Airlines', 'iata': 'YG', 'icao': 'HYT'}","{'number': '9054', 'iata': 'YG9054', 'icao': 'HYT9054', 'codeshared': None}",,
2025-04-01,landed,"{'airport': 'Ninoy Aquino International', 'timezone': 'Asia/Manila', 'iata': 'MNL', 'icao': 'RPLL', 'terminal': '3', 'gate': None, 'delay': 26, 'scheduled': '2025-04-01T00:30:00+00:00', 'estimated': '2025-04-01T00:30:00+00:00', 'actual': '2025-04-01T00:55:00+00:00', 'estimated_runway': '2025-04-01T00:55:00+00:00', 'actual_runway': '2025-04-01T00:55:00+00:00'}","{'airport': 'Puerto Princesa', 'timezone': 'Asia/Manila', 'iata': 'PPS', 'icao': 'RPVP', 'terminal': '3', 'gate': None, 'baggage': None, 'scheduled': '2025-04-01T02:05:00+00:00', 'delay': None, 'estimated': '2025-04-01T01:50:00+00:00', 'actual': None, 'estimated_runway': None, 'actual_runway': None}","{'name': 'Cebu Pacific Air', 'iata': '5J', 'icao': 'CEB'}","{'number': '643', 'iata': '5J643', 'icao': 'CEB643', 'codeshared': None}","{'registration': 'RP-C4266', 'iata': 'A20N', 'icao': 'A20N', 'icao24': '75876A'}",
2025-04-01,active,"{'airport': 'Ninoy Aquino International', 'timezone': 'Asia/Manila', 'iata': 'MNL', 'icao': 'RPLL', 'terminal': '1', 'gate': None, 'delay': 4, 'scheduled': '2025-04-01T00:30:00+00:00', 'estimated': '2025-04-01T00:30:00+00:00', 'actual': '2025-04-01T00:34:00+00:00', 'estimated_runway': '2025-04-01T00:34:00+00:00', 'actual_runway': '2025-04-01T00:34:00+00:00'}","{'airport': 'Seoul (Incheon)', 'timezone': 'Asia/Seoul', 'iata': 'ICN', 'icao': 'RKSI', 'terminal': '1', 'gate': '33', 'baggage': '19', 'scheduled': '2025-04-01T05:20:00+00:00', 'delay': None, 'estimated': '2025-04-01T05:03:00+00:00', 'actual': None, 'estimated_runway': None, 'actual_runway': None}","{'name': 'Philippine Airlines', 'iata': 'PR', 'icao': 'PAL'}","{'number': '466', 'iata': 'PR466', 'icao': 'PAL466', 'codeshared': None}",,
2025-04-01,landed,"{'airport': 'Ninoy Aquino International', 'timezone': 'Asia/Manila', 'iata': 'MNL', 'icao': 'RPLL', 'terminal': '3', 'gate': None, 'delay': 18, 'scheduled': '2025-04-01T00:15:00+00:00', 'estimated': '2025-04-01T00:15:00+00:00', 'actual': '2025-04-01T00:32:00+00:00', 'estimated_runway': '2025-04-01T00:32:00+00:00', 'actual_runway': '2025-04-01T00:32:00+00:00'}","{'airport': 'Mactan-Cebu International', 'timezone': 'Asia/Manila', 'iata': 'CEB', 'icao': 'RPVM', 'terminal': '1', 'gate': None, 'baggage': None, 'scheduled': '2025-04-01T01:50:00+00:00', 'delay': None, 'estimated': '2025-04-01T01:26:00+00:00', 'actual': '2025-04-01T01:30:00+00:00', 'estimated_runway': '2025-04-01T01:30:00+00:00', 'actual_runway': '2025-04-01T01:30:00+00:00'}","{'name': 'Cebu Pacific Air', 'iata': '5J', 'icao': 'CEB'}","{'number': '553', 'iata': '5J553', 'icao': 'CEB553', 'codeshared': None}",,
2025-04-01,scheduled,"{'airport': 'Urumqi', 'timezone': 'Asia/Shanghai', 'iata': 'URC', 'icao': 'ZWWW', 'terminal': None, 'gate': None, 'delay': None, 'scheduled': '2025-04-01T05:10:00+00:00', 'estimated': '2025-04-01T05:10:00+00:00', 'actual': None, 'estimated_runway': None, 'actual_runway': None}","{'airport': 'Heydar Aliyev International (Bina International)', 'timezone': 'Asia/Baku', 'iata': 'GYD', 'icao': 'UBBB', 'terminal': None, 'gate': None, 'baggage': None, 'scheduled': '2025-04-01T06:20:00+00:00', 'delay': None, 'estimated': None, 'actual': None, 'estimated_runway': None, 'actual_runway': None}","{'name': 'YTO Cargo Airlines', 'iata': 'YG', 'icao': 'HYT'}","{'number': '9111', 'iata': 'YG9111', 'icao': 'HYT9111', 'codeshared': None}",,
